Biceps,Triceps
-7.00000009601354e-06,-1.94375006685732e-05
-5.62500008527422e-06,-9.25000040297164e-06
4.06250001105946e-06,3.874999947584e-06
9.12500036065467e-06,1.65625006047776e-05
1.07500000012806e-05,1.51249996633851e-05
2.12500003726745e-06,-1.85000008059433e-05
-3.62500009032374e-06,-5.36250008735806e-05
-6.81250003253808e-06,-7.88125034887344e-05
-1.11250001282315e-05,-8.14375016489066e-05
-1.24999996842234e-05,-4.19999996665865e-05
-1.21249995572725e-05,1.47500004459289e-05
-7.12500013833051e-06,5.75000012759119e-05
-1.43124998430721e-05,6.17499972577207e-05
-1.32499999381253e-05,6.98750009178184e-05
-8.62500019138679e-06,4.25625003117602e-05
-1.37500001073931e-06,3.99374985136092e-05
-1.75000002400338e-06,3.93749996874249e-06
-5.43750002179877e-06,-3.0999999580672e-05
-7.68750032875687e-06,-2.28125009016367e-05
-5.12499991600635e-06,-1.75000004674075e-05
-2.75000002147863e-06,-5.68750010643271e-06
-3.74999990526703e-06,2.12500003726745e-06
-4.62500020148582e-06,-1.55625002662418e-05
-1.4937500054657e-05,-4.4000000343658e-05
-1.54374993144302e-05,-4.28124985774048e-05
-1.15000002551824e-05,-1.09374996100087e-05
-4.06250001105946e-06,4.62500020148582e-06
3.24999996337283e-06,1.83124993782258e-05
1.87500006632035e-07,1.97499994101236e-05
-2.93750008495408e-06,-2.37499989452772e-06
-1.99999999495049e-06,3.93749996874249e-06
-2.37499989452772e-06,4.81249981021392e-06
-6.62499996906263e-06,4.37500006000846e-07
-3.99999998990097e-06,1.62499998168641e-06
-2.31250010074291e-06,1.50000005305628e-06
1.87500006632035e-07,-1.29999998534913e-05
-2.68750000032014e-06,-2.43124995904509e-05
-1.937499973792e-06,-3.73750008293428e-05
-2.56249995800317e-06,-4.95624990435317e-05
-9.81250013865065e-06,-5.53124991711229e-05
-8.31249963084701e-06,-4.48749997303821e-05
-1.03749998743297e-05,-2.09374993573874e-05
-1.09374996100087e-05,6.24999984211172e-07
-9.49999957811087e-06,1.28125002447632e-05
-1.49999996210681e-05,1.41874998007552e-05
-1.78749996848637e-05,1.01249997896957e-05
-1.18750003821333e-05,-8.93749984243186e-06
-8.62500019138679e-06,-1.481250001234e-05
-9.87499970506178e-06,-4.6875002226443e-06
-1.00625002232846e-05,-2.88749997707782e-05
-7.43749978937558e-06,-3.38749996444676e-05
-6.62499996906263e-06,-2.05625001399312e-05
-1.21249995572725e-05,-1.6874999346328e-05
-1.15000002551824e-05,-7.56249983169255e-06
-7.93750041339081e-06,3.11875010083895e-05
-1.31249998958083e-06,7.68125028116629e-05
0,5.45000002603047e-05
4.6875002226443e-06,5.01249996887054e-05
1.24999999684405e-07,5.76874990656506e-05
-8.31249963084701e-06,2.35624993365491e-05
-6.68749999022111e-06,-1.06250001863373e-06
-7.62499985285103e-06,1.24999999684405e-07
-1.60625004355097e-05,-8.12499990843207e-07
-2.60625001828885e-05,-1.24999999684405e-07
-7.93750041339081e-06,2.81250004263711e-06
-7.749999895168e-06,2.62499997916166e-06
-1.09374996100087e-05,-5.43750002179877e-06
-1.16250002974994e-05,-5.37500000064028e-06
-7.87499993748497e-06,2.68750000032014e-06
-6.93750007485505e-06,1.29375002870802e-05
-3.3750000056898e-06,1.34374995468534e-05
-4.99999987368938e-06,7.87499993748497e-06
-4.37500011685188e-06,-6.87500005369657e-06
-3.50000004800677e-06,-1.29375002870802e-05
-4.81249981021392e-06,-4.24999998358544e-05
-7.50000026528141e-07,-9.49375025811605e-05
-3.68750011148222e-06,-0.000105749997601379
-6.87500005369657e-06,-7.74375002947636e-05
-7.81250037107384e-06,-2.05625001399312e-05
-2.93750008495408e-06,1.27499997688574e-05
-7.87499993748497e-06,3.36874982167501e-05
-1.56874993990641e-05,6.42500017420389e-05
-2.18749992200173e-05,6.92500034347177e-05
-2.42499991145451e-05,5.24374991073273e-05
-1.72500003827736e-05,2.47499992838129e-05
-1.17500003398163e-05,-3.7750000046799e-05
-1.26249997265404e-05,-3.84375016437843e-05
-1.51875001392909e-05,-3.53124996763654e-05
-1.60625004355097e-05,-1.34374995468534e-05
-1.69374998222338e-05,1.81250004516187e-06
-1.73125008586794e-05,1.55625002662418e-05
-8.25000006443588e-06,3.08749986288603e-05
1.937499973792e-06,2.54999995377148e-05
6.81250003253808e-06,1.46250004036119e-05
3.99999998990097e-06,-1.05625003925525e-05
8.68749975779792e-06,-2.84375000774162e-05
-1.87500006632035e-07,-4.15624999732245e-05
-1.18749994726386e-06,-3.9562499296153e-05
-8.25000006443588e-06,-4.14999994973186e-05
-1.43124998430721e-05,-3.21250008710194e-05
-1.29375002870802e-05,-2.96875005005859e-05
-1.01875002656016e-05,-2.806250085996e-05
-1.24999996842234e-05,-2.07499997486593e-05
-1.29999998534913e-05,-1.63749991770601e-05
-1.29375002870802e-05,-1.78124992089579e-05
-1.26875002024462e-05,-2.3124999643187e-05
-1.03125003079185e-05,-1.78124992089579e-05
-1.15624998215935e-05,-3.31249998453131e-06
-7.87499993748497e-06,1.15624998215935e-05
6.24999984211172e-07,2.21249993046513e-05
1.08124995676917e-05,1.43124998430721e-05
1.29999998534913e-05,-4.63750002381857e-05
1.46874999700231e-05,-6.80625016684644e-05
1.08124995676917e-05,-6.67499989503995e-05
5.93750019106665e-06,-4.74375010526273e-05
-3.01250001939479e-05,-2.64374994003447e-05
-5.75625017518178e-05,1.24375001178123e-05
-3.55625015799887e-05,5.18125016242266e-05
-2.28125009016367e-05,2.3812499421183e-05
-1.90624996321276e-05,2.09999998332933e-05
-1.93124997167615e-05,2.19374996959232e-05
-1.11874996946426e-05,3.96875002479646e-05
-3.50000004800677e-06,5.22500013175886e-05
-7.43749978937558e-06,4.51874984719325e-05
-6.37499988442869e-06,3.36250013788231e-05
-1.19374999485444e-05,1.65625006047776e-05
-1.11874996946426e-05,1.28125002447632e-05
-1.37500001073931e-05,1.01875002656016e-05
-1.29375002870802e-05,1.19374999485444e-05
-1.71874999068677e-05,1.52499997057021e-05
-1.70000002981396e-05,1.91875005839393e-05
-1.83749998541316e-05,1.46250004036119e-05
-1.86249999387655e-05,-1.73125008586794e-05
-1.46250004036119e-05,-4.41875017713755e-05
4.99999987368938e-06,-3.08125017909333e-05
1.85000008059433e-05,-3.68750006600749e-05
8.93749984243186e-06,-4.39374998677522e-05
3.3750000056898e-06,-4.94999985676259e-05
-1.81250004516187e-06,-5.04374984302558e-05
-2.8750000637956e-06,-4.46250014647376e-05
-6.12499979979475e-06,-2.3812499421183e-05
-7.93750041339081e-06,7.62499985285103e-06
-1.63749991770601e-05,9.81250013865065e-06
-2.19374996959232e-05,1.09374996100087e-05
-1.85624994628597e-05,2.9875000109314e-05
-1.11250001282315e-05,3.87500003853347e-05
-2.25000007958442e-06,4.72499996249098e-05
-6.87500005369657e-07,4.60625014966354e-05
3.06249989989738e-06,1.06249999589636e-05
7.50000026528141e-07,-8.25000006443588e-06
3.3750000056898e-06,-3.3750000056898e-06
2.25000007958442e-06,-5.81250014874968e-06
3.18749994221434e-06,-6.87500005369657e-07
7.37500022296445e-06,1.33125004140311e-05
6.43749990558717e-06,1.5499999790336e-05
1.06875004348694e-05,1.37500001073931e-06
1.04375003502355e-05,-1.74374999915017e-05
4.37500006000846e-07,-3.01875006698538e-05
-1.33125004140311e-05,-3.28749993059319e-05
-1.54374993144302e-05,-3.17500016535632e-05
-2.46875006268965e-05,-2.71874996542465e-05
-2.75000002147863e-05,-1.58750008267816e-05
-1.91250001080334e-05,-5.87500016990816e-06
-9.99999974737875e-06,0
-9.1874999270658e-06,4.99999998737621e-07
-1.35624995891703e-05,-2.59374992310768e-05
-1.53750006575137e-05,-3.14999997499399e-05
-1.14374997792765e-05,-3.32499985233881e-05
-9.06249988474883e-06,-4.45625009888317e-05
-1.5499999790336e-05,-1.96875007532071e-05
-1.4250000276661e-05,-4.62500020148582e-06
-1.82500007213093e-05,-2.49999999368811e-07
-2.23749993892852e-05,2.25000007958442e-06
-1.59999999596039e-05,3.21875013469253e-05
-5.43750002179877e-06,3.84375016437843e-05
-6.24999984211172e-07,9.43750001169974e-06
-4.25000007453491e-06,-3.50000004800677e-06
-9.87499970506178e-06,-7.68750032875687e-06
-8.87500027602073e-06,-6.93750007485505e-06
-7.62499985285103e-06,-1.16250002974994e-05
-1.59999999596039e-05,-9.43750001169974e-06
-1.71874999068677e-05,4.93749985253089e-06
-1.10624996523256e-05,1.65000001288718e-05
-1.11874996946426e-05,2.15000000025611e-05
-1.07500000012806e-05,1.51875001392909e-05
-1.16250002974994e-05,1.5062500096974e-05
-1.4375000318978e-06,2.66250008280622e-05
-1.99999999495049e-06,2.61250006587943e-05
-4.31250009569339e-06,1.62500000442378e-05
-9.25000040297164e-06,1.81875002454035e-05
-1.15624998215935e-05,4.74999978905544e-06
-5.81250014874968e-06,-1.59999999596039e-05
-6.43749990558717e-06,-3.78125005227048e-05
-1.06249999589636e-05,-2.75625006906921e-05
-2.2250000256463e-05,-2.54999995377148e-05
-2.88124992948724e-05,-1.97499994101236e-05
-1.81875002454035e-05,7.99999997980194e-06
-8.43749967316398e-06,1.16250002974994e-05
-4.81249981021392e-06,1.40000001920271e-05
3.18749994221434e-06,7.18750015948899e-06
1.37500001073931e-05,-1.87500006632035e-07
1.11874996946426e-05,-1.18749994726386e-06
5.62500008527422e-06,1.4375000318978e-06
-1.75000002400338e-06,-2.81250004263711e-06
-4.87499983137241e-06,-1.38124996738043e-05
-8.75000023370376e-06,-1.35624995891703e-05
-7.00000009601354e-06,-1.32499999381253e-05
-9.62499962042784e-06,-1.33749999804422e-05
-1.00625002232846e-05,-1.11250001282315e-05
-1.15000002551824e-05,-9.12500036065467e-06
-5.62500008527422e-06,-7.25000018064748e-06
-6.87500005369657e-07,-4.99999998737621e-07
1.18749994726386e-06,1.87499995263352e-06
2.4374999156862e-06,4.31250009569339e-06
-7.56249983169255e-06,5.3124999794818e-06
-3.31249998453131e-06,8.87500027602073e-06
1.39374997161212e-05,1.35000000227592e-05
2.03750005312031e-05,1.05625003925525e-05
2.74374997388804e-05,1.28125002447632e-05
2.31875001190929e-05,1.20624999908614e-05
1.71874999068677e-05,2.81250004263711e-06
1.64374996529659e-05,-4.74999978905544e-06
6.24999984211172e-06,-8.87500027602073e-06
-8.25000006443588e-06,-5.56250006411574e-06
-2.25000007958442e-06,-9.99999997475243e-07
-9.99999974737875e-06,-6.87500005369657e-07
-1.40000001920271e-05,-1.99999999495049e-06
-2.81249995168764e-05,-1.56249996052793e-06
-3.83750011678785e-05,-7.31250020180596e-06
-3.96249997720588e-05,-8.50000014906982e-06
-2.72500001301523e-05,-2.56249995800317e-06
-1.38750001497101e-05,4.31250009569339e-06
-3.68750011148222e-06,1.08750000435975e-05
2.58125000982545e-05,1.17500003398163e-05
5.22500013175886e-05,1.26249997265404e-05
6.73749964335002e-05,1.08124995676917e-05
7.23124976502731e-05,1.75000004674075e-05
8.77499987836927e-05,1.99999994947575e-05
0.000110250002762768,1.93750001926674e-05
0.000124437501654029,2.28749995585531e-05
0.000157937494805083,3.72499998775311e-05
0.000224687493755482,5.06249998579733e-05
0.000268562493147328,5.23125017934944e-05
0.000231187499593943,3.25625005643815e-05
0.000187750003533438,1.81249997694977e-05
0.000128687504911795,-9.31249996938277e-06
3.19999999192078e-05,-3.83125006919727e-05
3.88125008612406e-05,-4.46874983026646e-05
3.34374999511056e-05,-5.71249984204769e-05
-5.06249989484786e-06,-3.53124996763654e-05
-2.68750000032014e-06,-2.56250004895264e-05
2.88124992948724e-05,-1.91875005839393e-05
5.60625012440141e-05,-6.24999984211172e-06
6.46874977974221e-05,-5.37500000064028e-06
9.68125023064204e-05,3.74999990526703e-06
6.81250021443702e-05,5.50000004295725e-06
0.00011662500037346,1.31875003717141e-05
0.000141187498229556,2.04999996640254e-05
0.000211062506423332,2.94375004159519e-05
0.000278999999864027,3.24374996125698e-05
0.000218437504372559,2.2687499949825e-05
7.89999976404943e-05,2.59374992310768e-05
0.000126875005662441,2.806250085996e-05
0.000194687498151325,1.10000000859145e-05
0.000227625001571141,-8.87500027602073e-06
0.000220312504097819,-1.58750008267816e-05
0.000107250001747161,-9.12500036065467e-06
2.37499989452772e-06,-6.68749999022111e-06
-8.50000014906982e-06,-1.51249996633851e-05
0.000129937499877997,-3.78125005227048e-05
0.000165874997037463,-2.61874993157107e-05
8.87499991222285e-05,3.99999998990097e-06
0.000231187499593943,2.48750002356246e-05
0.00042562501039356,2.30624991672812e-05
0.000634249998256564,2.99375005852198e-05
0.000741437484975904,6.10624992987141e-05
0.000495312502607703,0.000109562497527804
0.000133875000756234,0.000125812497572042
9.71249974099919e-05,0.00010493749869056
0.000343249994330108,8.53750025271438e-05
0.000622500025201589,5.62500008527422e-06
0.000636500015389174,-3.87500003853347e-05
0.000554999976884574,-5.26250005350448e-05
0.000344437488820404,-7.33749984647147e-05
0.000154749999637716,-7.38125017960556e-05
0.000302875007037073,-6.63750033709221e-05
0.000312187505187467,-5.60625012440141e-05
0.000133687499328516,-5.41875015187543e-05
0.000309124996419996,-2.26249994739192e-05
0.000420562486397102,-9.99999997475243e-07
0.000459125003544614,-1.39374997161212e-05
0.000734812521841377,-1.58125003508758e-05
0.000637624994851649,-4.32499982707668e-05
0.00031468749511987,-0.000103312500868924
6.64374965708703e-05,-7.74375002947636e-05
0.000380687502911314,-3.51249982486479e-05
0.000518687476869673,-3.84999984817114e-05
0.001014249981381,-3.25000000884756e-05
0.0010984999826178,-4.93749985253089e-06
0.000437500013504177,-8.92500029294752e-05
0.0003079375019297,-0.000101937497674953
0.000491687504108995,-5.05624993820675e-05
0.000500000023748726,9.93750018096762e-06
-0.000266624992946163,3.5937500797445e-05
-0.00126518751494586,3.3187501685461e-05
-0.00113400002010167,-1.59999999596039e-05
-0.000792062492109835,-5.24374991073273e-05
-0.000252249999903142,-4.8999998398358e-05
8.66249974933453e-05,-3.06250003632158e-05
-8.35625032777898e-05,-7.44374992791563e-05
5.34374994458631e-05,-0.000104812497738749
0.000135624999529682,-8.26250034151599e-05
0.000323187501635402,-5.94375014770776e-05
0.000474187487270683,-3.21250008710194e-05
7.93750004959293e-05,-4.08749983762391e-05
0.000340562488418072,-7.20000025467016e-05
0.000533312500920147,-6.93124966346659e-05
0.000271375000011176,-4.03125013690442e-05
0.000180187504156493,-3.22499981848523e-05
-0.000188624995644204,-5.37499981874134e-05
0.000174812506884336,-4.50625011580996e-05
0.000876312493346632,-2.03125000552973e-05
0.00118062505498528,-1.24999999684405e-07
0.000953999988269061,2.04999996640254e-05
0.000207937497179955,2.34375002037268e-05
-0.000511312508024275,4.14374990214128e-05
-0.000830249977298081,6.5125001128763e-05
-0.000715375004801899,5.84375011385418e-05
-0.000425437494413927,7.0562498876825e-05
0.000285812508082017,6.90625020070001e-05
-5.46875016880222e-05,5.16250001965091e-05
-0.000540937471669167,5.51874982193112e-05
-0.000632499984931201,9.05624983715825e-05
-0.000601875013671815,7.99999997980194e-06
-0.000680374971125275,-9.43124978221022e-05
-0.00153887504711747,-9.84375001280569e-05
-0.0020479999948293,-3.73750008293428e-05
-0.00159781251568347,2.52499994530808e-05
-0.000451812491519377,5.41250010428485e-05
-7.50000026528141e-07,0.000108749998616986
-0.000951312482357025,0.000156624999362975
-0.00128112500533462,0.000127999999676831
-0.0010084374807775,0.000151000000187196
-0.000905937515199184,0.000195375003386289
-0.000689250009600073,0.00015887500194367
-0.000588062510360032,0.000159562507178634
-0.000585562491323799,0.000160499999765307
-0.000532125006429851,7.52499981899746e-05
-0.000479937501950189,-4.78125002700835e-05
-0.000378812488634139,3.12499992105586e-06
-0.000253125006565824,6.43749990558717e-06
-0.000153250002767891,1.05625003925525e-05
-7.97500033513643e-05,-6.4187501266133e-05
-2.94375004159519e-05,-3.12499992105586e-06
1.31249998958083e-06,-4.98750014230609e-05
-1.76875000761356e-05,-0.000161749994731508
-1.81875002454035e-05,-0.000146562495501712
3.49375004589092e-05,-7.35624998924322e-05
8.01874994067475e-05,-1.83124993782258e-05
9.28750014281832e-05,0.000108437503513414
7.95000014477409e-05,0.00020412499725353
-1.19374999485444e-05,0.000245437491685152
-3.3187501685461e-05,8.75000023370376e-06
6.22500010649674e-05,-0.000468562502646819
-5.47499985259492e-05,-0.000777062494307756
-0.000116374998469837,-0.000650312518700957
6.33750023553148e-05,-0.000410062493756413
0.000118625001050532,-0.000211499995202757
8.26250034151599e-05,-0.000167187507031485
4.28749990533106e-05,-7.10000022081658e-05
6.16874967818148e-05,2.25000003410969e-05
7.81249982537702e-05,4.57499991171062e-05
-3.17500016535632e-05,-9.73124988377094e-05
-0.000158687500515953,-0.000171562496689148
-0.000143249999382533,-0.00013468750694301
1.04999999166466e-05,-0.000237125001149252
4.24999998358544e-05,-0.000273374986136332
8.01874994067475e-05,-0.000270437507424504
3.75000017811544e-05,-0.000186624994967133
-0.000104749997262843,9.41249963943847e-05
-4.86249991809018e-05,0.00015281249943655
-0.000341312494128942,-6.99375013937242e-05
-0.00055474997498095,-5.06875003338791e-05
0.000128750005387701,2.64374994003447e-05
0.000311437499476597,3.11250005324837e-05
0.000244875001953915,-0.000291000003926456
8.62500019138679e-06,-0.000607312482316047
-0.000107687497802544,-0.000706437509506941
2.06250006158371e-05,-0.000465687509858981
1.71874999068677e-05,-0.00015093749971129
-0.000167812497238629,1.57499998749699e-05
-0.000398812495404854,0.00014000000373926
-0.000552000012248755,0.000355812488123775
-0.000627124973107129,0.000520562520250678
-0.000328437512507662,0.000514437502715737
-2.37499989452772e-06,-0.000194499996723607
0.000336562487063929,-0.000852124998345971
0.000489312515128404,-0.000819874985609204
0.00046262500109151,-0.000409625004976988
0.000433999986853451,7.13124973117374e-05
0.000616437522694468,0.000487374985823408
0.000369249988580123,0.000815875013358891
0.000764624972362071,0.00109362497460097
0.000649937486741692,0.00117087503895164
0.000727250007912517,0.000938562501687557
0.000585187517572194,0.000381312507670373
0.000292125012492761,-0.000437062495620921
-0.000343937514116988,-0.000673124974127859
-0.000421812495915219,-0.000599812483415008
-0.000508749973960221,-0.000341437495080754
-0.000236312494962476,-2.73125006060582e-05
0.000329312490066513,0.000241999994614162
0.000698250019922853,0.000407249986892566
0.000771999999415129,0.000481062510516495
0.00044831249397248,0.000477812485769391
0.0001141250031651,0.000291750009637326
1.13750002128654e-05,9.82499987003393e-05
-0.000270999997155741,-6.43749990558717e-06
-0.000595062505453825,-1.93750001926674e-05
-0.000464749988168478,2.21249993046513e-05
-0.000320999999530613,8.86249981704168e-05
-9.71874978858978e-05,0.000195625005289912
0.000106624996988103,0.000283562490949407
0.000104187500255648,0.00027093751123175
-0.00037281250115484,0.000243625006987713
-0.000636312528513372,0.000169125007232651
-0.000376874988432974,7.0562498876825e-05
-6.36249969829805e-05,3.4562501241453e-05
-0.000211687496630475,3.56874988938216e-05
-0.000454249995527789,2.45624996750848e-05
-0.000427562510594726,-4.31250009569339e-06
5.1187500503147e-05,-1.18749994726386e-06
-1.86249999387655e-05,2.66250008280622e-05
-0.000252187513979152,2.36249998124549e-05
-0.000179187496541999,-1.20624999908614e-05
-6.32500014035031e-05,-0.000136312504764646
0.000220874993829057,-0.000167437494383194
0.000384374987334013,-0.000137062495923601
0.000357999990228564,-0.000116562499897555
0.000477312511065975,-0.000159624993102625
0.000511937483679503,-0.000499312474858016
0.000625875021796674,-0.000934687501285225
0.000604437489528209,-0.000876062491443008
0.000180187504156493,-0.000632999988738447
1.5937499483698e-05,-0.000342562503647059
0.000151500003994443,-8.50625001476146e-05
-0.000279750005574897,0.000109125001472421
-0.000518937478773296,0.000318812497425824
-0.000797124987002462,0.000466687488369644
-0.00015206249372568,0.000485562486574054
-7.56250010454096e-05,0.000457749993074685
0.000232499995036051,0.000414812500821427
0.000149687504745089,0.000315812503686175
-2.92500008072238e-05,0.000200187496375293
0.000533062499016523,0.000144374993396923
0.000609437527600676,0.000157687492901459
0.000406937499064952,0.000191625003935769
0.000570312491618097,0.000193062500329688
0.000624749984126538,0.000151937492773868
0.000110875000245869,8.77499987836927e-05
-0.000410999986343086,3.21875013469253e-05
-0.000787062512245029,7.03749974491075e-05
-0.000264250003965572,0.00012599999899976
-0.000430312502430752,0.000105125000118278
-0.000303000007988885,5.36250008735806e-05
-0.000234999999520369,5.37500000064028e-06
-9.75625007413328e-05,-1.33125004140311e-05
-0.00013393750123214,-2.4062499505817e-05
-0.000314937497023493,-0.000102999998489395
-0.000335499993525445,-0.000100750003184658
-0.000311937503283843,-6.9125002482906e-05
-0.000508000026457012,-6.06249996053521e-05
-0.00027543748728931,-3.32499985233881e-05
-0.000232187507208437,-8.18749977042899e-05
-0.000243562506511807,-0.000144749996252358
3.61249985871837e-05,-0.000103687496448401
-6.54375035082921e-05,-4.59375005448237e-05
0.000102124999102671,-3.06250003632158e-05
0.000373062503058463,-2.70000000455184e-05
0.000195937493117526,-2.24374998651911e-05
5.35625003976747e-05,-8.07499964139424e-05
-0.000347437511663884,-0.000133749999804422
-0.00018943750183098,-0.000106749997939914
-9.21875034691766e-05,-9.23124971450306e-05
6.51875016046688e-05,-0.000101812496723142
9.69999964581802e-05,-0.000170500003150664
0.000235562503803521,-0.000202187497052364
0.000451500003691763,-0.000138500006869435
0.000514374987687916,-6.54375035082921e-05
0.000671437475830317,-5.59375002922025e-05
0.000569250027183443,-0.000154875000589527
0.00027093751123175,-9.81249977485277e-05
-3.75000017811544e-05,2.25625008170027e-05
6.43749990558717e-06,0.000117750001663808
-7.21874966984615e-05,0.000153500004671514
-0.000232437494560145,0.000200562499230728
-0.000255749997450039,0.000206625001737848
6.66249979985878e-05,0.000160625000717118
-0.000103312500868924,7.11250031599775e-05
-0.00026418748893775,-7.42499978514388e-05
-0.000305499997921288,-0.000138125004014
-0.000594187527894974,-0.000119687501864973
-0.000703624973539263,-4.51874984719325e-05
-0.000379437493393198,-1.06875004348694e-05
-0.000171187493833713,5.08125012856908e-05
-0.00011056249786634,7.4562500230968e-05
-0.00017699999443721,7.97500033513643e-05
-0.000110187502286863,9.50000030570664e-05
-7.33749984647147e-05,8.48749987198971e-05
-7.14999987394549e-05,6.86249986756593e-05
-0.000237062500673346,4.26250007876661e-05
-0.000127124993014149,1.56249996052793e-06
-0.000281124986940995,-3.23124986607581e-05
-0.000109062500996515,-5.2562500059139e-05
6.93750007485505e-06,-7.26875005057082e-05
5.10624995513353e-05,-0.000131437496747822
0.000228687495109625,-0.000130875007016584
0.000269562500761822,-0.000110374996438622
0.000304374989354983,-6.03125008638017e-05
0.000137937502586283,-3.6375000490807e-05
-0.000376749987481162,-5.03750015923288e-05
-0.00100593746174127,-0.00011225000343984
-0.000417500006733462,-0.000170125000295229
-9.66875013546087e-05,-6.70000008540228e-05
2.16874996112892e-05,5.60625012440141e-05
8.30624994705431e-05,6.41250007902272e-05
7.19375020707957e-05,4.26875012635719e-05
0.000120937496831175,-6.01249994360842e-05
0.000211562495678663,-0.000159812494530343
1.51249996633851e-05,-0.000251999997999519
9.91874985629693e-05,-0.000198312496650033
0.000346687505953014,-0.000151312502566725
0.000511937483679503,-0.000236062493058853
0.000394250004319474,-0.000318062491714954
0.000197062501683831,-0.000204750002012588
0.000181249997694977,-2.7812500775326e-05
0.000416249997215346,0.000101750003523193
0.000292000011540949,0.000137875002110377
0.000200624999706633,0.000174000000697561
-1.19374999485444e-05,0.000261812499957159
-0.000270562508376315,0.000360562495188788
-0.000531625002622604,6.09374983469024e-05
-0.000126062499475665,-0.000313812488457188
0.000116750001325272,-0.000334375014062971
6.3812498410698e-05,-0.00023700000019744
6.93124966346659e-05,-0.000145812504342757
6.21250001131557e-05,-6.24375024926849e-05
-4.11250002798624e-05,7.52499981899746e-05
-0.000437312497524545,0.000200937502086163
-0.000410437496611848,0.000266062503214926
-0.000187249999726191,0.00028825001209043
-0.000217187494854443,0.000267687486484647
-0.000333625008352101,0.000200687500182539
-0.000133687499328516,0.000120562501251698
-4.94999985676259e-05,8.93749984243186e-06
-5.54375001229346e-05,-0.000480499991681427
-5.47499985259492e-05,-0.000739625014830381
4.80624985357281e-05,-0.000556499988306314
7.999999797903e-05,-0.000292749988147989
6.29374990239739e-05,-7.10000022081658e-05
0.000106375002360437,0.000138562492793426
-9.59375029196963e-05,0.000288125011138618
1.87499995263352e-06,0.000403499987442046
0.000111374996777158,0.000430749991210178
0.000136187503812835,0.000420812488300726
9.42499973461963e-05,0.000369124987628311
0.000144937497680075,0.000263187510427088
0.000165125005878508,0.00020112500351388
-0.000128999992739409,0.000168562502949499
-0.000167999998666346,0.000108312502561603
3.76874995708931e-05,9.67500018305145e-05
-4.08749983762391e-05,2.46250001509907e-05
-0.000271437485935166,-7.34374989406206e-05
-0.000280187494354323,-0.000130750006064773
-0.000180562507011928,-7.39375027478673e-05
-6.78750002407469e-05,-6.7500000113796e-06
9.30625028559007e-05,2.78749994322425e-05
0.000206687502213754,4.16875009250361e-05
0.000101312500191852,5.20624998898711e-05
5.56250006411574e-06,5.92500000493601e-05
-3.24374996125698e-05,2.95624995487742e-05
-9.91249980870634e-05,-3.43124993378296e-05
-0.000220999994780868,-7.17500006430782e-05
-0.000253500009421259,-8.8562497694511e-05
-0.000178000002051704,-7.55625005695038e-05
-1.08124995676917e-05,-3.72499998775311e-05
7.99374975031242e-05,-6.56249994790414e-06
0.000204625001060776,4.52499989478383e-05
0.000190249993465841,6.59375000395812e-05
0.000221624999539927,5.40625005669426e-05
-0.000300000014249235,2.99375005852198e-05
-0.00034868749207817,6.06875000812579e-05
-0.000103937498352025,8.04375013103709e-05
0.000101874997199047,7.12499968358316e-05
7.53124986658804e-05,2.06874992727535e-05
5.99999984842725e-05,-5.00624992127996e-05
3.31249998453131e-06,-0.000122625002404675
-0.000142312506795861,-0.000160062496433966
-7.80624977778643e-05,-0.000203812494874001
-4.60000010207295e-05,-0.000226187505177222
-5.46250012121163e-05,-0.000231937505304813
-5.19999994139653e-05,-0.00017962499987334
-2.17500000871951e-05,-5.98750011704396e-05
-1.01875002656016e-05,4.80624985357281e-05
-6.24999984211172e-07,9.16249991860241e-05
-7.00625023455359e-05,8.02499998826534e-05
-0.000120687502203509,-1.41874998007552e-05
-0.000105125000118278,-4.73125001008157e-05
-3.67499997082632e-05,-1.61249990924262e-05
5.24374991073273e-05,-7.37500022296445e-06
9.22499966691248e-05,-3.02499993267702e-05
0.000124187499750406,-7.68125028116629e-05
0.000294062512693927,-0.000128937506815419
0.000294625002425164,-0.000155187502969056
-5.84375011385418e-05,-0.000119249998533633
-0.000232125006732531,-9.66875013546087e-05
-0.000336750003043562,-0.000165687495609745
-0.000369374989531934,-0.000172687505255453
-0.000115374998131301,-6.26249966444448e-05
-6.06249977863627e-06,1.86249999387655e-05
-2.46250001509907e-05,4.95624990435317e-05
-2.06874992727535e-05,0.00011225000343984
-2.90000007225899e-05,9.51874972088262e-05
-4.8562498704996e-05,-0.00023168750340119
-0.000103749996924307,-0.000420687487348914
-2.66874994849786e-05,-0.00026493749464862
5.3124999794818e-06,-8.3624996477738e-05
4.90624988742638e-05,3.88750013371464e-05
0.000156124995555729,0.00011506250302773
0.0001024375014822,0.000179937502252869
7.91249985923059e-05,0.000266687507973984
9.87499970506178e-06,0.000314375007292256
-9.33124974835664e-05,0.000341312494128942
-3.79375014745165e-05,0.000303812499623746
3.35000004270114e-05,0.000254062499152496
3.93125010305084e-05,0.000191375002032146
3.55000011040829e-05,0.000174562504980713
-2.23749993892852e-05,0.000151937492773868
-8.55624966789037e-05,0.000151750005898066
-2.93749999400461e-05,0.000185562501428649
0.000291562493657693,0.000203687493922189
0.000156499998411164,0.00017662500613369
0.000214562503970228,0.000121874996693805
0.000155999994603917,1.66874997375999e-05
6.96874994901009e-05,-8.15625026007183e-05
-0.00017512499471195,-0.00010493749869056
-0.000297062506433576,-0.000122687502880581
-4.26250007876661e-05,-0.00013393750123214
-3.07500013150275e-05,-0.000149750005220994
2.66874994849786e-05,-0.000148499995702878
2.58125000982545e-05,-0.000126812505186535
1.88124995474936e-05,-9.34374984353781e-05
-6.43749990558717e-06,-4.02500008931383e-05
7.8187498729676e-05,-2.49999999368811e-07
0.000213062507100403,3.056249988731e-05
0.000159312505275011,4.36250011262018e-05
4.19999996665865e-05,5.11250000272412e-05
-5.50000004295725e-05,4.88125006086193e-05
-0.000181249997694977,9.20625025173649e-05
-0.000493999978061765,6.03125008638017e-05
-0.000393312511732802,-1.4250000276661e-05
-0.00015999999595806,-6.21250001131557e-05
-4.55625013273675e-05,-8.99375008884817e-05
-1.19374999485444e-05,-0.000113125002826564
1.13750002128654e-05,-0.000136125003336929
5.93125005252659e-05,-0.000170062499819323
2.1312500393833e-05,-0.000169312494108453
-2.31875001190929e-05,-0.000129562497022562
-0.000108375003037509,-9.18750010896474e-05
-0.000175562498043291,-8.61875014379621e-05
-2.56874991464429e-05,-9.68750027823262e-05
-2.25000007958442e-06,-5.01875001646113e-05
-0.000150562496855855,2.43750000663567e-05
-0.00012831250205636,4.93125007778872e-05
-0.000223437498789281,6.72500027576461e-05
-0.00065506249666214,8.02499998826534e-05
-0.000456874986412004,3.40000005962793e-05
7.46250007068738e-05,-0.000107499996374827
0.000164937504450791,-0.000165437493706122
0.000257375009823591,-0.00016868750390131
0.000266499991994351,-0.000104187500255648
0.000238812499446794,-7.54374996176921e-05
0.000236187494010665,-4.8562498704996e-05
0.00011943749996135,-7.18750015948899e-06
1.24999996842234e-06,5.66874987271149e-05
3.75000017811544e-05,8.15625026007183e-05
-7.36875008442439e-05,3.57499993697274e-05
-7.13124973117374e-05,-1.937499973792e-06
-4.18750005337643e-06,7.04999984009191e-05
2.64374994003447e-05,0.000123187506687827
-0.000219187495531514,0.000136999995447695
-0.000230062505579554,0.000100124998425599
4.18749987147748e-05,9.18125006137416e-05
0.000183437499799766,5.62499990337528e-05
0.000119750002340879,1.11250001282315e-05
-6.67499989503995e-05,-2.59374992310768e-05
-7.56250010454096e-05,-1.13750002128654e-05
6.00624989601783e-05,-2.48750002356246e-05
5.18749984621536e-05,-7.34999994165264e-05
-2.66250008280622e-05,-6.45624968456104e-05
-0.000124562502605841,-3.71874994016252e-05
-0.000112624999019317,-3.874999947584e-06
-2.4374999156862e-06,4.11250002798624e-05
-3.09374991047662e-05,8.87499991222285e-05
-2.9187500331318e-05,9.77500021690503e-05
9.1874999270658e-06,9.42499973461963e-05
8.35625032777898e-05,0.000122375000501052
8.78749997355044e-05,0.000123874997370876
3.43750002684828e-06,0.000114937502075918
0.000108375003037509,7.84375006332994e-05
0.000151750005898066,2.99375005852198e-05
0.000107437503174879,-2.68749990937067e-05
0.000108250002085697,-7.32499975129031e-05
6.79375007166527e-05,-9.95000009424984e-05
5.91249990975484e-05,-0.000114187496365048
4.91249993501697e-05,-0.000138250004965812
-0.000172312502400018,-0.000138062503538094
-0.000453499989816919,-0.000122312500025146
-0.000141187498229556,-9.01250023161992e-05
-8.13125006970949e-05,-5.4812499001855e-05
-9.72499983618036e-05,-4.61249983345624e-05
-0.000101562502095476,-0.000137562499730848
-0.000150812498759478,-0.000154562498209998
-0.000148437495226972,-9.31874965317547e-05
-9.2937501904089e-05,-2.11874994420214e-05
-7.24374986020848e-05,3.43124993378296e-05
-2.75000002147863e-05,6.8749999627471e-05
4.87500001327135e-05,7.89999976404943e-05
8.66874979692511e-05,6.34375028312206e-05
6.94374975864775e-05,2.98124996334082e-05
4.45625009888317e-05,5.21875008416828e-05
9.75625007413328e-05,6.18749982095324e-05
2.3374999727821e-05,5.00624992127996e-05
9.96250018943101e-05,1.4500000361295e-05
0.000108000000182074,-5.37499981874134e-05
-5.56250006411574e-06,-8.96249985089526e-05
-2.81249995168764e-05,-7.93750004959293e-05
-0.000260500004515052,-3.74375013052486e-05
-2.86249996861443e-05,1.55625002662418e-05
0.00012756249634549,3.41250015480909e-05
6.83125035720877e-05,-5.81250014874968e-06
0.000139437499456108,1.45624999277061e-05
3.14999997499399e-05,8.37500010675285e-06
-0.000206812503165565,-3.0312499802676e-05
-0.000280375010333955,-4.01875004172325e-05
-9.24999985727482e-05,-2.75000002147863e-05
2.70000000455184e-05,-3.99374985136092e-05
-6.9125002482906e-05,-0.00011337499745423
-0.000146312493598089,-0.000242750000325032
-0.000293249991955236,-0.000249000004259869
-0.000234562496189028,-0.00017056250362657
-0.000229249999392778,-0.000100812496384606
-0.000174625005456619,-3.13124983222224e-05
2.59999997069826e-05,3.25000000884756e-05
0.000378750002710149,8.75624973559752e-05
0.000283500005025417,0.000169937498867512
0.000161000003572553,0.000234499995713122
0.000288624985842034,0.000242937501752749
0.000123749996419065,0.000203687493922189
-0.000390437489841133,0.000156875001266599
-0.000298625003779307,8.46249968162738e-05
-2.61250006587943e-05,1.02499998320127e-05
-4.1812498238869e-05,-3.18749989673961e-05
-8.01249989308417e-05,-8.06250027380884e-05
7.36875008442439e-05,-0.000154937501065433
0.000220687506953254,-0.00014187500346452
8.38749983813614e-05,-0.000104999999166466
-7.55000000935979e-05,-5.44374997843988e-05
-0.00012675000471063,-4.39374998677522e-05
-2.21874997805571e-05,2.50624998443527e-05
-5.50000004295725e-06,4.81874994875398e-05
-4.31875014328398e-05,5.77499995415565e-05
-9.7999996796716e-05,4.84375013911631e-05
-6.02500003878959e-05,4.15624999732245e-05
3.30000002577435e-05,1.59999999596039e-05
6.00624989601783e-05,5.56250006411574e-06
5.46250012121163e-05,5.13125014549587e-05
-5.42499983566813e-05,6.50625006528571e-05
6.08750015089754e-05,7.73749998188578e-05
5.28124983247835e-05,5.88125003559981e-05
6.7500000113796e-06,3.93749996874249e-06
0.000104124999779742,-5.24374991073273e-05
0.000109125001472421,-6.3812498410698e-05
2.3124999643187e-05,-0.00013468750694301
-1.31875003717141e-05,-0.00018600000475999
-0.000135249996674247,-0.000154812500113621
-0.000113687499833759,-9.61249970714562e-05
-2.52499994530808e-05,-4.43749995611142e-05
-8.19374981801957e-05,-2.0875000700471e-05
-0.000146687496453524,1.87500008905772e-05
-0.000149562503793277,3.58750003215391e-05
-7.0562498876825e-05,6.44375031697564e-05
3.42499988619238e-05,7.76250017224811e-05
0.000101437501143664,8.87499991222285e-05
0.000106062499980908,7.70624974393286e-05
0.000124500002129935,7.26250000298023e-05
4.12500012316741e-05,8.02499998826534e-05
-6.06249996053521e-05,8.26874966151081e-05
-4.79375012218952e-05,0.000103749996924307
-6.04375018156134e-05,0.000102812497061677
0.000123312493087724,6.51875016046688e-05
0.000132874993141741,1.08124995676917e-05
4.88750010845251e-05,-1.86875004146714e-05
7.80624977778643e-05,-4.39374998677522e-05
5.12500009790529e-05,-2.9187500331318e-05
-0.000180062503204681,-2.90624993795063e-05
-0.000109499997051898,-3.60625017492566e-05
4.62500020148582e-06,-5.65000009373762e-05
-4.98125009471551e-05,-7.29375024093315e-05
-0.000129812498926185,-0.000178999995114282
-0.000219687499338761,-0.000322937499731779
-0.000161062504048459,-0.00032074999762699
-0.000104375001683366,-0.000320999999530613
-4.42499986093026e-05,-0.000232000005780719
4.50000015916885e-06,-0.000101437501143664
0.000101750003523193,1.15000002551824e-05
7.57500019972213e-05,0.000102500001958106
1.10624996523256e-05,0.000164249999215826
-4.18750005337643e-06,0.000229937504627742
4.4937500206288e-05,0.000272812496405095
-3.68750006600749e-05,0.00024074999964796
-0.000255687511526048,0.000211937498534098
-0.000256250001257285,0.00016262500139419
-0.000171249994309619,8.86249981704168e-05
-7.26250000298023e-05,5.02500006405171e-05
4.03125013690442e-05,1.46250004036119e-05
9.50000030570664e-05,-1.10000000859145e-05
5.75000012759119e-05,-4.66874989797361e-05
-1.93750001926674e-05,-9.40625031944364e-05
-6.80625016684644e-05,-0.000176437504705973
-7.29375024093315e-05,-0.000176062501850538
-4.36250011262018e-05,-0.000122625002404675
-8.81249980011489e-06,-0.00012037499982398
3.35000004270114e-05,-7.65000004321337e-05
-4.46874983026646e-05,-3.84999984817114e-05
7.71874983911403e-05,-4.56250018032733e-06
0.000128625004435889,-5.45000002603047e-05
8.83125030668452e-05,-0.000261312496149912
-0.00016337500710506,-0.000961625017225742
-8.58749990584329e-05,-0.00123850000090897
0.000190687496797182,-0.00105318753048778
9.99999974737875e-05,-0.000645874999463558
-0.000104437502159271,-0.000288999988697469
-0.00017356249736622,3.43124993378296e-05
-3.9562499296153e-05,0.000312312506139278
-7.00000009601354e-06,0.000556437473278493
-4.04999991587829e-05,0.000747187528759241
-5.45000002603047e-05,0.000838812498841435
-2.90624993795063e-05,0.000797812477685511
4.81874994875398e-05,0.000716312497388572
0.000249187491135672,0.000584687513764948
0.000247624993789941,0.000428937491960824
0.000279500003671274,0.000339374993927777
0.000222874994506128,0.000265062495600432
4.84999982290901e-05,0.00018868749612011
-0.000126687504234724,0.000153999993926845
-0.000182125004357658,0.000136000002385117
-8.93749984243186e-06,0.000129749998450279
0.000188999998499639,0.000110187502286863
0.000132562505314127,7.36875008442439e-05
-1.11250001282315e-05,-2.8750000637956e-06
4.88750010845251e-05,-7.70624974393286e-05
5.36250008735806e-05,-0.000259937485679984
-0.000265062495600432,-0.000390750006772578
-0.000403874990297481,-0.000437562499428168
-0.00019056249584537,-0.000395500013837591
-0.00011850000009872,-0.000273687503067777
-9.70624969340861e-05,-0.000129249994643033
-5.6187498557847e-05,9.99999997475243e-07
-6.3124998632702e-06,0.000122312500025146
-1.02499998320127e-05,0.000212500002817251
-3.74375013052486e-05,0.000246125011472031
-8.88124995981343e-05,0.000226062504225411
-3.19374994433019e-05,0.000198937501409091
2.35624993365491e-05,0.000162875003297813
0.000118750002002344,9.68125023064204e-05
0.000158562499564141,2.00624999706633e-05
0.000292624987196177,-2.51875007961644e-05
0.00033581251045689,-5.50625009054784e-05
-2.28125009016367e-05,-8.98750004125759e-05
-0.000147500002640299,-0.000130312502733432
-8.04375013103709e-05,-0.000135312497150153
-9.95000009424984e-05,-9.63124984991737e-05
-0.000164437500643544,-8.8562497694511e-05
-5.03125011164229e-05,-9.88125029834919e-05
4.59375005448237e-05,-0.000140250005642883
1.29999998534913e-05,-0.000146812497405335
-2.37500007642666e-05,-0.000179312497493811
-9.00625018402934e-05,-0.000182749994564801
-0.000200562499230728,-0.000148812498082407
-0.000167000005603768,-0.000158562499564141
-0.000135437498101965,-0.000165687495609745
-0.000105624996649567,-0.000109062500996515
-6.93124966346659e-05,-3.39375001203734e-05
-7.59375034249388e-05,2.17500000871951e-05
-8.05625022621825e-05,5.38124986633193e-05
-4.77499997941777e-05,0.00010587499855319
-3.29374997818377e-05,0.000150687497807667
-2.30000005103648e-05,0.000154124994878657
2.3374999727821e-05,0.00014456249482464
1.03749998743297e-05,0.000126124999951571
2.9187500331318e-05,9.73124988377094e-05
6.26249966444448e-05,8.68124989210628e-05
5.62499990337528e-05,7.95000014477409e-05
7.62499985285103e-06,8.19999986561015e-05
-6.36874974588864e-05,9.88125029834919e-05
5.64375004614703e-05,0.000108125001133885
9.35624993871897e-05,8.47499977680854e-05
-7.30625033611432e-05,4.36250011262018e-05
-8.82500025909394e-05,-8.50000014906982e-06
-5.75000012759119e-06,-4.38124989159405e-05
3.94999988202471e-05,-7.98749970272183e-05
1.33125004140311e-05,-0.000118249998195097
1.74374999915017e-05,-0.0001264375023311
-1.67500002135057e-05,-0.000179937502252869
-2.56249995800317e-06,-0.000306625006487593
-3.24374996125698e-05,-0.000243062502704561
6.09374983469024e-05,-0.000130062500829808
9.6937503258232e-05,-3.5000000934815e-05
0.00020831250003539,4.64375007140916e-05
0.00017618750280235,0.000137124996399507
-4.53124994237442e-05,0.000211749997106381
-0.000313312513753772,0.000235375002375804
6.75624978612177e-05,0.000192937499377877
0.000308812508592382,0.000160562500241213
-1.12500003979221e-06,0.000154312496306375
4.33124987466726e-05,0.000129812498926185
0.000208124998607673,8.60625004861504e-05
0.000183312498847954,1.95624998013955e-05
-6.13750016782433e-05,-1.99375008378411e-05
-0.000109375003376044,-4.16250004491303e-05
-7.04374979250133e-05,-9.14374977583066e-05
7.87499993748497e-06,-0.000176000001374632
8.36874969536439e-05,-0.000278312509180978
5.21250003657769e-05,-0.000342374987667426
-0.000184999997145496,-0.000347312510712072
-0.000133562498376705,-0.000274374993750826
-0.000103874997876119,-0.000160187497385778
-0.000152624998008832,-2.17500000871951e-05
-0.000196437496924773,0.00013625000428874
-9.78750031208619e-05,0.000239437504205853
6.3124998632702e-06,0.000282187509583309
6.2375002016779e-05,0.000256250001257285
5.29374992765952e-05,0.000184687494765967
-0.000123624995467253,0.000121874996693805
-0.00011149999772897,8.15000021248125e-05
-0.000133624998852611,6.90625020070001e-05
-4.11250002798624e-05,6.90000015310943e-05
7.4562500230968e-05,7.98749970272183e-05
0.000188624995644204,6.1999999161344e-05
-1.16250002974994e-05,2.2000000171829e-05
-0.000166875004651956,-1.89999991562217e-05
9.77500021690503e-05,-2.19374996959232e-05
0.000175812499946915,-2.46875006268965e-05
-6.84999977238476e-05,-3.16875011776574e-05
-0.000204374999157153,-4.27500017394777e-05
-0.000106312501884531,-4.81249990116339e-05
-1.91250001080334e-05,-6.27499975962564e-05
-2.3812499421183e-05,-0.000113437497930136
-3.4562501241453e-05,-0.000187687503057532
-4.29374995292164e-05,-0.000216000000364147
-7.50624967622571e-05,-0.00020412499725353
-0.000109562497527804,-0.000167624995810911
-9.7999996796716e-05,-8.5812498582527e-05
-7.43749988032505e-05,2.34375002037268e-05
-1.90624996321276e-05,0.00013737499830313
6.13125012023374e-05,0.000201687493245117
0.000117124996904749,0.000213499995879829
0.000119124997581821,0.000183312498847954
0.000118437499622814,0.000116812501801178
8.41250002849847e-05,5.41250010428485e-05
-0.000186687495443039,3.9562499296153e-05
-0.000190999999176711,4.99374982609879e-05
-2.28125009016367e-05,2.3812499421183e-05
5.68124996789265e-05,-1.41874998007552e-05
1.22499995995895e-05,-4.55625013273675e-05
-8.93749984243186e-06,-6.94374975864775e-05
-3.19999999192078e-05,-8.26874966151081e-05
-2.04374991881195e-05,-7.38750022719614e-05
-1.95624998013955e-05,-5.2562500059139e-05
1.51249996633851e-05,-4.64375007140916e-05
6.89375010551885e-05,-4.33124987466726e-05
4.38124989159405e-05,-3.52499992004596e-05
-4.70000013592653e-05,-3.73125003534369e-05
-5.6187498557847e-05,-2.21874997805571e-05
-3.03750002785819e-05,-1.80624992935918e-05
-1.80624992935918e-05,-3.11250005324837e-05
1.12500001705484e-05,-0.000103812497400213
2.73749992629746e-05,-0.00010493749869056
1.89999991562217e-05,-0.000195687505765818
1.23125000754953e-05,-0.000340437487466261
3.33749994751997e-05,-0.000412749999668449
7.30000028852373e-05,-0.000404624996008351
0.000120124997920357,-0.000230000005103648
9.59375029196963e-05,-3.18749989673961e-05
3.93125010305084e-05,0.000125937498523854
9.38125012908131e-05,0.000242562498897314
-4.01249999413267e-05,0.000299750012345612
-0.000120812503155321,0.000310312490910292
-4.03125013690442e-05,0.000271562486886978
5.06249998579733e-05,0.0002388749999227
3.48124995070975e-05,0.000225437499466352
0.000132874993141741,0.000213249993976206
-1.31249998958083e-06,0.00016868750390131
-0.000372687500203028,0.000137937502586283
-0.000109937500383239,5.68124996789265e-05
5.37499981874134e-05,-9.01250023161992e-05
5.89375013078097e-05,-0.000218437504372559
9.24374980968423e-05,-0.000226874995860271
4.46250014647376e-05,-0.000160187497385778
-0.000175499997567385,-0.000163250006153248
-9.78125026449561e-05,-0.000350812508258969
-0.000153874992975034,-0.000268500007223338
-0.000155500005348586,-0.000113499998406041
-0.000148000006447546,-1.26249997265404e-05
-0.00011618749704212,3.18749989673961e-05
-5.09999990754295e-05,8.59374995343387e-05
2.79374999081483e-05,0.00011431249731686
0.00014831249427516,0.000183875003131106
0.000347624998539686,0.000261000008322299
0.000361249985871837,0.000273374986136332
2.15000000025611e-05,0.000261312496149912
-0.000155500005348586,0.000233937505981885
-0.000139374998980202,0.000183500000275671
-6.6000000515487e-05,0.000152749998960644
-0.000137124996399507,0.000104625003586989
3.24999996337283e-06,3.6375000490807e-05
0.000103812497400213,-1.5499999790336e-05
4.7187499149004e-05,-5.36250008735806e-05
4.12500003221794e-06,-7.78750036261044e-05
-3.49375004589092e-05,-0.000104749997262843
-5.11250000272412e-05,-0.000109250002424233
-5.87499998800922e-05,-0.0001141250031651
-8.5312502051238e-05,-0.000120750002679415
-5.80624982831068e-05,-0.000120812503155321
-4.68124999315478e-05,-9.49375025811605e-05
-2.59999997069826e-05,-5.53124991711229e-05
3.56250006916525e-06,4.37500011685188e-06
3.46874985552859e-05,6.5624997660052e-05
6.6000000515487e-05,0.000106437502836343
6.46874977974221e-05,0.000124500002129935
2.39375003729947e-05,0.000129749998450279
0.000149312501889654,0.000104874998214655
8.09999983175658e-05,7.4562500230968e-05
-2.01250004465692e-05,4.09999993280508e-05
-5.12500009790529e-05,-1.99999999495049e-06
-6.37499988442869e-06,-4.1750001400942e-05
-1.4500000361295e-05,-8.32500008982606e-05
-5.16250001965091e-05,-0.000152749998960644
-5.73750003241003e-05,-0.00018225000530947
-1.58750008267816e-05,-0.000151812506373972
7.23124976502731e-05,-0.000108375003037509
0.000119187498057727,-6.90625020070001e-05
0.000132500004838221,-2.40000008489005e-05
7.78125031501986e-05,3.8624999433523e-05
7.81250037107384e-06,9.68750027823262e-05
-8.46874972921796e-05,0.000117812502139714
-6.13125012023374e-05,9.31250033318065e-05
-0.000134187503135763,5.03125011164229e-05
-0.000218812507227995,5.43750002179877e-06
-0.000394812494050711,-2.4499999199179e-05
-0.000214187501114793,-2.90000007225899e-05
-7.01875032973476e-05,-4.60000010207295e-05
2.68125004367903e-05,-8.64999965415336e-05
4.93749985253089e-06,-7.29375024093315e-05
-1.20624999908614e-05,-5.77499995415565e-05
1.24999996842234e-06,-6.00624989601783e-05
0.000121812503493857,-4.7624998842366e-05
0.000106375002360437,-3.49375004589092e-05
0.000155000001541339,-0.000137937502586283
7.4562500230968e-05,-0.000253625010373071
-3.80624987883493e-05,-0.000186562494491227
2.73749992629746e-05,-5.77499995415565e-05
-5.55000005988404e-05,-1.16874998639105e-05
-0.000226000003749505,-9.56250005401671e-06
2.68750000032014e-06,4.04999991587829e-05
0.00015018749400042,0.000106125000456814
0.000133374996948987,0.000164062497788109
6.26874971203506e-05,0.000189187499927357
-8.23125010356307e-05,0.000180437506060116
-9.27500004763715e-05,0.000138250004965812
-5.5749998864485e-05,0.000100375000329223
-0.000107312502223067,-2.25000007958442e-06
-5.96874997427221e-05,-7.18125011189841e-05
-0.000123187506687827,-9.66250008787028e-05
-4.01875004172325e-05,-0.000129499996546656
4.21250006183982e-05,-0.000289312505628914
5.76874990656506e-05,-0.000290812487946823
3.71874994016252e-05,-0.000209187506698072
-2.75000002147863e-05,-0.000103250000393018
-7.86250020610169e-05,1.67500002135057e-05
-7.95625019236468e-05,0.000104562503111083
-5.19999994139653e-05,0.000129124993691221
6.06875000812579e-05,0.000179249997017905
0.000156812500790693,0.00022637500660494
0.000203312505618669,0.000209999998332933
0.000210875004995614,0.000173874999745749
9.49375025811605e-05,0.000117499999760184
4.31875014328398e-05,6.71250018058345e-05
7.06249993527308e-05,6.93749971105717e-05
2.25000007958442e-06,7.83124996814877e-05
3.30000002577435e-05,7.80624977778643e-05
0.000110312503238674,7.41249968996271e-05
-0.00014000000373926,4.81249990116339e-05
-0.000218250002944842,3.06250003632158e-05
-0.000130125001305714,3.19999999192078e-05
-0.000131124994368292,4.28124985774048e-05
-0.000112812500447035,7.50000026528141e-07
-3.93750015064143e-05,-5.9750000218628e-05
6.61875019432046e-05,-8.81250016391277e-05
0.00011149999772897,-0.000116249997518025
2.73749992629746e-05,-0.000142062504892237
-4.12500012316741e-05,-0.000146499995025806
-9.16874996619299e-05,-0.000116687500849366
-0.000266749993897974,-9.03124964679591e-05
-0.000240687499172054,-8.46249968162738e-05
-0.000115812501462642,-7.50000035623088e-05
2.46250001509907e-05,-4.81874994875398e-05
-5.70625015825499e-05,-8.93749984243186e-06
-0.000187937504961155,4.71249986730982e-05
-4.82499999634456e-05,5.7937500969274e-05
7.62499985285103e-05,4.91874998260755e-05
0.000235812505707145,4.99999987368938e-05
0.000181625000550412,7.4562500230968e-05
0.00027618749300018,7.96250023995526e-05
0.000356062490027398,3.56874988938216e-05
6.46874977974221e-05,-5.81249987590127e-05
-0.000360437494236976,-0.000183249998372048
-0.000130750006064773,-0.000315062497975305
5.75000012759119e-06,-0.000298687489703298
1.47500004459289e-05,-0.000195562504814006
7.81250037107384e-06,-0.000105187500594184
-3.34374999511056e-05,-1.38124996738043e-05
-7.8562501585111e-05,6.56874981359579e-05
-9.51249967329204e-05,0.000125812497572042
-0.000119312499009538,0.000167749996762723
-0.000100625002232846,0.000203187504666857
-1.58125003508758e-05,0.000173874999745749
5.65000009373762e-05,0.000154624998685904
7.66875018598512e-05,0.000149187500937842
0.000102375001006294,0.000138312505441718
0.00015543750487268,0.000131875000079162
0.00022531249851454,9.26249995245598e-05
0.000144312492921017,3.6812500184169e-05
0.000108000000182074,-1.99999999495049e-06
7.64374999562278e-05,-9.1874999270658e-06
9.10000017029233e-05,-3.18749994221434e-06
0.000149312501889654,-2.806250085996e-05
-0.000170250001247041,-6.1999999161344e-05
-0.000241187502979301,-0.000140062504215166
-0.0001264375023311,-0.000216750006075017
-8.99375008884817e-05,-0.00022187500144355
-0.000207812496228144,-0.000183875003131106
-0.000179312497493811,-0.000137875002110377
-0.000120437500299886,-0.000103062498965301
-0.000113062502350658,-5.19374989380594e-05
-0.00011524999717949,6.24999984211172e-06
-7.42499978514388e-05,3.99374985136092e-05
-5.68124996789265e-05,6.58124990877695e-05
-3.67499997082632e-05,9.0374996943865e-05
3.13124983222224e-05,0.000105187500594184
2.29375000344589e-05,8.74999968800694e-05
3.12500014842954e-05,6.06249996053521e-05
3.97500007238705e-05,4.38124989159405e-05
2.03750005312031e-05,2.8500000553322e-05
-9.24374980968423e-05,3.7750000046799e-05
-5.40000000910368e-05,3.19999999192078e-05
9.51249967329204e-05,1.32499999381253e-05
-0.000135687500005588,-5.50000004295725e-06
-8.75624973559752e-05,-3.56250006916525e-06
1.62499998168641e-06,-1.09374996100087e-05
-2.81874999927823e-05,-0.000107250001747161
6.16250035818666e-05,-0.000200249996851198
2.50624998443527e-05,-0.000220937494304962
2.4499999199179e-05,-0.000157562506501563
-2.23749993892852e-05,-7.22499971743673e-05
-2.06874992727535e-05,1.23125000754953e-05
-6.37499988442869e-06,7.95625019236468e-05
-3.15625002258457e-05,0.000115000002551824
-4.41875017713755e-05,0.00014906249998603
-1.38124996738043e-05,0.000134562505991198
5.09374985995237e-05,0.00012487500498537
8.4937499195803e-05,0.000119812502816785
5.60000007681083e-05,9.56875010160729e-05
3.99374985136092e-05,5.88125003559981e-05
7.13124973117374e-05,1.10000000859145e-05
0.000154374996782281,3.56250006916525e-06
0.000286062509985641,-7.00000009601354e-06
0.000286624999716878,1.50000005305628e-06
0.000152437496581115,2.2000000171829e-05
6.39999998384155e-05,2.75000002147863e-06
9.88750034593977e-05,-8.26250034151599e-05
-0.000203812494874001,-0.000155874993652105
-0.000524312490597367,-0.000213687497307546
-0.00026712499675341,-0.000244812486926094
-3.49375004589092e-05,-0.000207000004593283
3.5000000934815e-05,-0.00012599999899976
-1.86249999387655e-05,-7.17500006430782e-05
-4.8562498704996e-05,-2.61250006587943e-05
-7.19375020707957e-05,2.60625001828885e-05
-4.61874988104682e-05,8.28749980428256e-05
-1.86875004146714e-05,0.000145250000059605
-1.89999991562217e-05,0.000166312500368804
-3.73750008293428e-05,0.000182125004357658
-4.2187501094304e-05,0.00015887500194367
-6.22500010649674e-05,0.000154624998685904
-8.78124992595986e-05,0.000116750001325272
-6.8749999627471e-05,7.11250031599775e-05
-4.1812498238869e-05,6.13750016782433e-05
3.14999997499399e-05,3.96875002479646e-05
0.000170812505530193,4.50000015916885e-06
0.000277374987490475,-3.80624987883493e-05
0.000328937487211078,-4.7624998842366e-05
0.000375125004211441,-3.25000000884756e-05
0.000368999986676499,-1.33125004140311e-05
-7.81249982537702e-05,-1.98750003619352e-05
-0.000526062503922731,-8.8562497694511e-05
-0.000353000010363758,-9.30625028559007e-05
-0.000135562499053776,-8.42500012367964e-05
-4.65625016659033e-05,-0.000115875001938548
4.50000006821938e-05,-0.000164437500643544
-1.99999999495049e-06,-0.000207687495276332
-5.1187500503147e-05,-0.000142375007271767
-8.61250009620562e-05,-5.58124993403908e-05
-9.23124971450306e-05,-2.03125000552973e-05
-7.77500026742928e-05,7.37500022296445e-06
-3.70000016118865e-05,4.20625001424924e-05
-1.18124999062275e-05,6.7437496909406e-05
-4.78125002700835e-05,8.28124975669198e-05
-4.18749987147748e-05,0.000119374999485444
-5.18125016242266e-05,0.000111250003101304
-7.20625030226074e-05,9.54374991124496e-05
-5.81249987590127e-05,9.88125029834919e-05
-4.09374988521449e-05,7.11250031599775e-05
-3.40625010721851e-05,3.04375007544877e-05
-2.7812500775326e-05,1.20624999908614e-05
-2.25625008170027e-05,1.83124993782258e-05
3.76874995708931e-05,1.93124997167615e-05
0.000173437496414408,1.87500006632035e-07
0.000142749995575286,-7.99999997980194e-06
0.00012675000471063,-6.43125022179447e-05
5.54375001229346e-05,-8.87499991222285e-05
5.16250001965091e-05,-9.54374991124496e-05
-5.88750008319039e-05,-0.000104500002635177
-0.000167437494383194,-0.000120625001727603
-4.47499987785704e-05,-0.000164875003974885
0.000119249998533633,-0.000139499999932013
0.000102625002909917,-6.08750015089754e-05
1.5062500096974e-05,1.81249997694977e-05
5.98125006945338e-05,7.58750029490329e-05
6.26874971203506e-05,9.75625007413328e-05
5.48749994777609e-05,9.74374997895211e-05
-3.96249997720588e-05,6.8749999627471e-05
-3.78125005227048e-05,5.58124993403908e-05
-5.43124988325872e-05,4.70000013592653e-05
-0.000120687502203509,4.19374991906807e-05
-0.000296249985694885,1.21875000331784e-05
4.37500011685188e-06,3.46874985552859e-05
0.000178937494638376,6.62500024191104e-05
0.000170937506482005,7.22499971743673e-05
2.80000003840541e-05,5.65000009373762e-05
8.46874972921796e-05,4.38749993918464e-05
0.000163937496836297,-2.68750000032014e-06
3.48749999830034e-05,-7.24999990779907e-05
-3.68750011148222e-06,-8.13125006970949e-05
8.09374978416599e-05,-4.55625013273675e-05
-7.46250007068738e-05,-6.28124980721623e-05
-0.000276062492048368,-0.000361812504706904
-0.000113125002826564,-0.000794875028077513
-4.98750014230609e-05,-0.000706874998286366
-6.59375000395812e-05,-0.000457687507150695
-6.81250021443702e-05,-0.000191812505363487
-4.93125007778872e-05,1.06249999589636e-05
1.75624991243239e-05,0.000172750005731359
5.1187500503147e-05,0.000317250000080094
5.8375000662636e-05,0.000404999998863786
6.018749991199e-05,0.000409937492804602
-0.000151187501614913,0.000399437500163913
-0.000232999998843297,0.000374437513528392
-9.89374966593459e-05,0.000309937488054857
-1.86249999387655e-05,0.000235750005231239
4.77499997941777e-05,0.000201250004465692
6.38749988866039e-05,0.000144125006045215
4.94999985676259e-05,7.51874977140687e-05
9.23124971450306e-05,1.76249996002298e-05
0.00018225000530947,-1.09374996100087e-05
3.51249982486479e-05,-1.20624999908614e-05
-0.000104687496786937,-4.34374996984843e-05
-0.000119312499009538,-0.000137812501634471
-6.91875029588118e-05,-0.000160437499289401
-8.41250002849847e-05,-0.000143812503665686
-0.000120500000775792,-0.000143625002237968
-2.09374993573874e-05,-0.00013318749552127
1.11874996946426e-05,-0.000117062496428844
-2.29375000344589e-05,-7.15624992153607e-05
-7.50000035623088e-05,-2.29375000344589e-05
-7.78125031501986e-05,1.33125004140311e-05
-6.13750016782433e-05,5.87499998800922e-05
-7.81250037107384e-06,0.000128125000628643
6.99375013937242e-05,0.000186874996870756
0.000136874994495884,0.000201062503037974
0.000201999995624647,0.000169374994584359
0.000144062505569309,0.000103250000393018
0.000116062503366265,4.86249991809018e-05
0.000132562505314127,1.44374998853891e-05
-3.26875015161932e-05,-1.99999999495049e-06
-0.000172875006683171,7.49999981053406e-06
-0.000270624994300306,-8.87500027602073e-06
-0.000137312497827224,-3.89999986509793e-05
9.27500004763715e-05,-6.46249973215163e-05
0.000165562494657934,-0.000108812499092892
4.537499989965e-05,-0.000193500003661029
-3.27499983541202e-05,-0.000330624985508621
5.50000004295725e-06,-0.000331249990267679
-1.33125004140311e-05,-0.000239562505157664
2.03125000552973e-05,-0.000126312501379289
-4.86249991809018e-05,-1.67500002135057e-05
-6.13125012023374e-05,6.09999988228083e-05
-1.15000002551824e-05,9.71249974099919e-05
4.62500020148582e-06,0.000126937506138347
3.79375014745165e-05,0.000173374995938502
4.09374988521449e-05,0.000182937495992519
4.4937500206288e-05,0.000183937503607012
6.8749999627471e-05,0.000193750005564652
-4.43750013801036e-06,0.000134062502183951
-9.26249995245598e-05,4.33124987466726e-05
-8.65624970174395e-05,-2.19374996959232e-05
1.38124996738043e-05,-5.16250001965091e-05
-4.7624998842366e-05,-5.09999990754295e-05
-2.23749993892852e-05,-3.2374999136664e-05
8.77499987836927e-05,3.874999947584e-06
0.000144125006045215,4.43749995611142e-05
0.000105312501545995,6.20624996372499e-05
-0.000114624999696389,3.8187499740161e-05
-0.000246874988079071,-2.16874996112892e-05
-0.000122625002404675,-0.000155562505824491
-6.11875002505258e-05,-0.0002131874935003
-4.86249991809018e-05,-0.000227249998715706
-0.000107187501271255,-0.000181062496267259
-0.000142499993671663,-0.000104687496786937
-3.29374997818377e-05,-2.80000003840541e-05
7.89999976404943e-05,4.36875016021077e-05
0.000118562500574626,6.94999980623834e-05
0.00012224999954924,7.93125000200234e-05
8.96874989848584e-05,6.00624989601783e-05
4.03125013690442e-05,7.04999984009191e-05
5.46250012121163e-05,7.6750002335757e-05
0.000139562500407919,9.31249996938277e-06
0.000114687500172295,-2.3124999643187e-05
0.000138937495648861,-5.91249990975484e-05
0.00016337500710506,-0.000114249996840954
-0.000134062502183951,-0.000183500000275671
-0.00025956251192838,-0.000298625003779307
-0.000196437496924773,-0.000223374998313375
-0.00016187499568332,-9.11875031306408e-05
-0.000100249999377411,1.4375000318978e-05
-7.50000035623088e-05,7.39375027478673e-05
-1.70625007740455e-05,0.000100249999377411
-1.53750006575137e-05,0.000128500003484078
-4.01875004172325e-05,0.000122187499073334
-1.10624996523256e-05,9.98125033220276e-05
5.91249990975484e-05,0.000106062499980908
-1.25625001601293e-05,0.000140499992994592
3.06249989989738e-06,0.000154374996782281
-2.49999993684469e-06,0.000126124999951571
5.80000014451798e-05,8.63125023897737e-05
0.000131062493892387,6.43750026938505e-05
0.000108250002085697,0.000121687502542045
-5.83125001867302e-05,0.000128437503008172
-3.30000002577435e-05,7.44999997550622e-05
-1.40624997584382e-05,2.71874996542465e-05
0.000201000002562068,-1.51249996633851e-05
0.000299312494462356,-8.62500019138679e-05
6.24375024926849e-05,-9.2562499048654e-05
3.04375007544877e-05,-9.60624965955503e-05
2.30624991672812e-05,-0.000127687497297302
5.04374984302558e-05,-0.000201250004465692
-0.00019399999291636,-0.000196062494069338
-0.000226499993004836,-0.000160062496433966
-0.000204249998205341,-0.00010150000161957
-0.000114499998744577,-1.33125004140311e-05
-6.46249973215163e-05,5.18125016242266e-05
-5.27500014868565e-05,0.000123250007163733
-7.00625023455359e-05,0.00016868750390131
-3.22499981848523e-05,0.000165999997989275
-9.37499976316758e-07,0.000143687502713874
-4.34374996984843e-05,0.000116499999421649
4.81249990116339e-05,6.30624999757856e-05
4.38749993918464e-05,2.59999997069826e-05
-4.93125007778872e-05,-2.8750000637956e-06
-1.81250004516187e-06,-3.43124993378296e-05
2.0875000700471e-05,-6.94999980623834e-05
-2.56250004895264e-05,-0.000139499999932013
-3.06875008391216e-05,-0.000195000000530854
-4.83125004393514e-05,-0.000166187499416992
-4.74999978905544e-06,-8.06250027380884e-05
-1.4937500054657e-05,9.37499976316758e-07
7.99374975031242e-05,1.83749998541316e-05
5.34999999217689e-05,1.09374996100087e-05
6.06249977863627e-06,1.21249995572725e-05
-6.48749992251396e-05,2.9875000109314e-05
-0.000104999999166466,5.94375014770776e-05
-0.000108062500657979,7.08750012563542e-05
-4.23124984081369e-05,7.56875015213154e-05
0.000124937505461276,7.96250023995526e-05
0.000118625001050532,8.02499998826534e-05
6.96249990141951e-05,5.60000007681083e-05
9.91874985629693e-05,1.32499999381253e-05
9.92499990388751e-05,-3.34374999511056e-05
2.64999998762505e-05,-4.27500017394777e-05
2.18749992200173e-05,-5.43124988325872e-05
-6.84374972479418e-05,-6.30624999757856e-05
-7.76250017224811e-05,-7.39375027478673e-05
-0.000120124997920357,-8.88124995981343e-05
-7.68750032875687e-05,-8.49999996717088e-05
-3.61249985871837e-05,-5.2562500059139e-05
4.91249993501697e-05,-3.91875000786968e-05
4.68124999315478e-05,-1.01249997896957e-05
2.65625003521563e-05,3.47499990311917e-05
-4.62499992863741e-05,2.63125002675224e-05
-1.62499998168641e-06,2.49375007115304e-05
-6.06249996053521e-05,3.88750013371464e-05
-8.98124999366701e-05,4.60000010207295e-05
1.19374999485444e-05,4.88750010845251e-05
5.33749989699572e-05,3.45000007655472e-05
-1.30625003293972e-05,2.10625003091991e-05
5.67499992030207e-05,5.56250006411574e-06
0.000144000005093403,4.87499983137241e-06
8.71875017764978e-05,1.02499998320127e-05
-5.55625010747463e-05,-9.62499962042784e-06
1.31875003717141e-05,-3.39375001203734e-05
3.06249989989738e-06,-7.59375034249388e-05
0.000116249997518025,-9.14374977583066e-05
9.34999989112839e-05,-8.8937500549946e-05
-0.000117249997856561,-7.61249975766987e-05
-0.000152312495629303,-6.78750002407469e-05
-4.91249993501697e-05,-4.93125007778872e-05
-7.38750022719614e-05,-2.58125000982545e-05
-8.60000000102445e-05,-5.80624982831068e-05
-1.62500000442378e-05,-2.28749995585531e-05
-4.35000001743902e-05,1.87500006632035e-07
-9.4750001153443e-05,2.37500007642666e-05
-5.19374989380594e-05,2.3812499421183e-05
-3.83125006919727e-05,-1.937499973792e-06
-5.95624987909105e-05,-3.75000013264071e-07
-3.96249997720588e-05,3.67499997082632e-05
0.000102312500530388,4.52499989478383e-05
4.95624990435317e-05,5.94999983150046e-05
4.43124990852084e-05,8.00624984549358e-05
0.000127374994917773,9.10625021788292e-05
6.52500020805746e-05,8.11249992693774e-05
0.000147625003592111,6.47499982733279e-05
3.14374992740341e-05,2.85624992102385e-05
-0.000161812495207414,-8.50000014906982e-06
-1.51875001392909e-05,-1.61249990924262e-05
-1.91875005839393e-05,-6.73749964335002e-05
-6.6000000515487e-05,-0.000128812505863607
-4.29374995292164e-05,-0.00011524999717949
-5.71249984204769e-05,-7.11875036358833e-05
-4.46250014647376e-05,-1.06249999589636e-05
-3.45000007655472e-05,1.53750006575137e-05
-0.000121999997645617,1.13750002128654e-05
-0.000156750000314787,1.16250002974994e-05
-0.000116812501801178,8.11249992693774e-05
-2.64374994003447e-05,0.000146374994073994
8.45625036163256e-05,0.000121124998258892
0.000118999996630009,7.00000018696301e-05
0.000171437495737337,3.35000004270114e-05
0.000158750000991859,-1.73125008586794e-05
9.99999974737875e-06,-3.80624987883493e-05
4.14999994973186e-05,-3.91249996027909e-05
9.14374977583066e-05,-3.6812500184169e-05
-2.88124992948724e-05,-3.76874995708931e-05
-0.00020756249432452,-2.02499995793914e-05
6.36249969829805e-05,-7.37500022296445e-06
0.000120625001727603,-1.11874996946426e-05
5.35625003976747e-05,-7.96875028754584e-05
-3.66874992323574e-05,-0.000153312503243797
-7.28750019334257e-05,-0.000190437494893558
-0.000130750006064773,-0.000257562496699393
-0.000146249993122183,-0.000319562503136694
-6.04375018156134e-05,-0.000243250004132278
-3.66874992323574e-05,-0.000127812498249114
-3.93750015064143e-05,-3.38749996444676e-05
-2.92500008072238e-05,3.74375013052486e-05
-2.96875005005859e-05,0.000104437502159271
-4.82499999634456e-05,0.000153687506099232
-5.40000000910368e-05,0.000196312495972961
-5.28749988006894e-05,0.000203250005142763
-5.75625017518178e-05,0.000177187495864928
-9.19375015655532e-05,0.000174750006408431
9.43750001169974e-06,0.000140062504215166
0.000104500002635177,6.30624999757856e-05
9.00625018402934e-05,-1.46874999700231e-05
0.000105375002021901,-2.17500000871951e-05
4.83750009152573e-05,-1.72500003827736e-05
-6.24999984211172e-07,-1.43124998430721e-05
-0.000108749998616986,6.24999998422027e-08
-0.00012675000471063,3.10625000565778e-05
-8.59374995343387e-05,4.79375012218952e-05
