Participant,BaseIntensity,JND,Age,Gender,TimeOfDay
0,10.0,1.0993428306022466,60,Female,Morning
0,11.83673469387755,1.1509415123758011,38,Male,Afternoon
0,13.673469387755102,1.4436561901118743,41,Male,Afternoon
0,15.510204081632654,1.864486374062433,19,Female,Afternoon
0,17.346938775510203,1.5331647290122499,38,Male,Afternoon
0,19.183673469387756,1.7168736250010372,39,Male,Morning
0,21.02040816326531,2.4452809932162727,59,Female,Evening
0,22.857142857142858,1.5890852582327497,64,Female,Evening
0,24.693877551020407,2.539747824035858,20,Male,Evening
0,26.53061224489796,2.634674351226172,24,Male,Morning
0,28.367346938775512,2.4959641718419845,37,Female,Evening
0,30.20408163265306,2.84420132665549,24,Female,Morning
0,32.04081632653062,2.9681516824859764,34,Female,Afternoon
0,33.87755102040816,3.642219302928797,57,Female,Afternoon
0,35.714285714285715,2.5871862115553697,21,Female,Morning
0,37.55102040816327,3.489904228696733,35,Female,Afternoon
0,39.38775510204081,4.48894283949805,48,Female,Evening
0,41.22448979591837,3.9809427562623005,25,Female,Evening
0,43.06122448979592,4.79225287483728,38,Female,Morning
0,44.89795918367347,4.512694477460803,35,Male,Morning
0,46.734693877551024,5.104191562179747,62,Male,Morning
0,48.57142857142857,4.940611372441364,32,Male,Morning
0,50.40816326530612,4.996924121587943,18,Female,Evening
0,52.244897959183675,4.936828436640504,28,Male,Morning
0,54.08163265306123,6.41471373960956,22,Female,Evening
0,55.91836734693878,6.3498296744918195,58,Female,Evening
0,57.755102040816325,5.58121616354269,50,Female,Evening
0,59.59183673469388,7.34739773260131,40,Female,Morning
0,61.42857142857143,7.141103153227158,44,Male,Morning
0,63.26530612244898,8.04258942390594,52,Male,Evening
0,65.10204081632654,7.777042315379986,43,Male,Evening
0,66.93877551020408,7.759001274113751,31,Male,Evening
0,68.77551020408163,3.274064897639821,59,Female,Morning
0,70.61224489795919,8.221952108219703,49,Male,Morning
0,72.44897959183675,7.377857451714709,47,Male,Evening
0,74.28571428571429,4.475611898307246,56,Male,Evening
0,76.12244897959184,6.410639360798677,49,Male,Evening
0,77.95918367346938,8.955500858777995,39,Female,Afternoon
0,79.79591836734694,5.638430844468594,23,Female,Afternoon
0,81.63265306122449,9.620619545316183,28,Female,Afternoon
0,83.46938775510205,7.800005306282846,50,Male,Morning
0,85.3061224489796,7.0606204625477496,44,Female,Morning
0,87.14285714285714,9.230381054312547,56,Female,Evening
0,88.9795918367347,9.362531014981354,26,Female,Morning
0,90.81632653061224,7.090456004488967,41,Male,Evening
0,92.6530612244898,10.960642784303714,49,Female,Morning
0,94.48979591836735,8.196539432268928,29,Female,Evening
0,96.3265306122449,9.350468715175335,19,Male,Morning
0,98.16326530612245,8.949022623788931,49,Male,Morning
0,100.0,9.831669829637645,36,Female,Afternoon
1,10.0,0.5002481716722578,23,Female,Evening
1,11.83673469387755,1.5341185981550427,21,Male,Evening
1,13.673469387755102,1.0058540583982023,55,Female,Morning
1,15.510204081632654,1.3437275545548437,51,Female,Afternoon
1,17.346938775510203,1.4291654303059984,50,Male,Evening
1,19.183673469387756,1.947869898640611,23,Female,Morning
1,21.02040816326531,1.9269591614457489,53,Male,Afternoon
1,22.857142857142858,2.677715772154566,20,Male,Evening
1,24.693877551020407,2.1136487463840146,58,Male,Evening
1,26.53061224489796,2.5098310613067767,35,Female,Morning
1,28.367346938775512,3.500081073169039,40,Male,Afternoon
1,30.20408163265306,3.54796290377647,59,Male,Evening
1,32.04081632653062,3.873004554751957,19,Male,Afternoon
1,33.87755102040816,3.744450590945141,29,Male,Morning
1,35.714285714285715,3.466467576485448,58,Male,Evening
1,37.55102040816327,3.89075358027837,33,Male,Afternoon
1,39.38775510204081,4.425325237484289,28,Male,Afternoon
1,41.22448979591837,5.125911432612173,57,Female,Afternoon
1,43.06122448979592,4.456692920531431,52,Female,Morning
1,44.89795918367347,3.3971098925753775,58,Female,Morning
1,46.734693877551024,4.668929631326181,37,Female,Evening
1,48.57142857142857,4.484771645341694,20,Male,Morning
1,50.40816326530612,5.680234094601142,39,Male,Afternoon
1,52.244897959183675,8.423021938289121,63,Female,Afternoon
1,54.08163265306123,5.395785658859274,25,Male,Evening
1,55.91836734693878,6.054118449015832,51,Male,Afternoon
1,57.755102040816325,7.3515700636393895,50,Male,Morning
1,59.59183673469388,7.356050775146469,36,Female,Evening
1,61.42857142857143,6.12862620712498,63,Male,Afternoon
1,63.26530612244898,6.567696320757152,52,Female,Morning
1,65.10204081632654,6.344057431119355,63,Male,Evening
1,66.93877551020408,7.151190956535425,52,Female,Morning
1,68.77551020408163,6.578436729727934,49,Male,Morning
1,70.61224489795919,6.390044724299736,20,Female,Afternoon
1,72.44897959183675,8.27383175644573,20,Female,Afternoon
1,74.28571428571429,7.565968609161631,41,Female,Evening
1,76.12244897959184,9.222118240023129,34,Female,Morning
1,77.95918367346938,7.875999380902942,26,Male,Afternoon
1,79.79591836734694,5.780943988280725,43,Male,Afternoon
1,81.63265306122449,6.632122383812044,42,Female,Morning
1,83.46938775510205,6.371609636020991,25,Female,Afternoon
1,85.3061224489796,9.37513544266175,33,Female,Evening
1,87.14285714285714,6.7055289236782585,19,Female,Evening
1,88.9795918367347,6.22720400229254,39,Male,Morning
1,90.81632653061224,9.353779607229066,59,Female,Evening
1,92.6530612244898,9.52641610246686,60,Female,Morning
1,94.48979591836735,12.397779613651116,61,Female,Morning
1,96.3265306122449,9.880310498096124,56,Female,Afternoon
1,98.16326530612245,9.90579614283157,64,Male,Evening
1,100.0,8.696799304788366,57,Female,Morning
2,10.0,0.9785611049677748,36,Female,Afternoon
2,11.83673469387755,1.0685689690870155,43,Male,Afternoon
2,13.673469387755102,1.1562780481236627,18,Male,Afternoon
2,15.510204081632654,2.0663629858213053,49,Female,Afternoon
2,17.346938775510203,2.0626834434997683,18,Female,Morning
2,19.183673469387756,2.4042540587961234,56,Female,Evening
2,21.02040816326531,2.7980103976082815,20,Female,Afternoon
2,22.857142857142858,2.074091235628047,33,Male,Morning
2,24.693877551020407,2.3017724837772984,45,Male,Evening
2,26.53061224489796,2.2204684826618366,47,Female,Afternoon
2,28.367346938775512,2.702051091397033,43,Female,Morning
2,30.20408163265306,4.15125241106082,56,Female,Morning
2,32.04081632653062,4.558198402622196,27,Female,Morning
2,33.87755102040816,3.0500591862478776,53,Female,Evening
2,35.714285714285715,5.847880955766406,62,Female,Evening
2,37.55102040816327,3.8183105627161535,19,Male,Evening
2,39.38775510204081,4.417603421569866,52,Female,Morning
2,41.22448979591837,4.973745241433601,50,Male,Evening
2,43.06122448979592,4.690477765013897,18,Male,Afternoon
2,44.89795918367347,5.510095141903012,60,Female,Morning
2,46.734693877551024,4.218803659485753,25,Male,Afternoon
2,48.57142857142857,5.0588097395347,27,Female,Afternoon
2,50.40816326530612,4.446640428713387,21,Female,Morning
2,52.244897959183675,6.112237293213806,62,Male,Morning
2,54.08163265306123,5.310731274315287,53,Female,Morning
2,55.91836734693878,5.026077001688994,26,Female,Evening
2,57.755102040816325,5.751366730237331,35,Male,Evening
2,59.59183673469388,6.099018758882304,49,Female,Evening
2,61.42857142857143,8.050656296031171,42,Male,Morning
2,63.26530612244898,5.770405953481527,47,Male,Morning
2,65.10204081632654,8.209990773396862,39,Male,Evening
2,66.93877551020408,6.7219969798185515,36,Male,Morning
2,68.77551020408163,7.323445146075938,36,Female,Evening
2,70.61224489795919,6.877430625260331,33,Male,Morning
2,72.44897959183675,5.787199304357576,38,Female,Morning
2,74.28571428571429,5.6246340610010845,40,Female,Morning
2,76.12244897959184,10.373459725725848,64,Female,Morning
2,77.95918367346938,8.426737411979161,27,Female,Morning
2,79.79591836734694,7.288074971024895,44,Female,Afternoon
2,81.63265306122449,8.496037106167293,22,Male,Morning
2,83.46938775510205,9.090662541322802,62,Male,Afternoon
2,85.3061224489796,6.036676399090075,34,Male,Evening
2,87.14285714285714,7.462140071531468,61,Female,Evening
2,88.9795918367347,8.518110374912794,44,Female,Afternoon
2,90.81632653061224,7.766005963553228,62,Male,Afternoon
2,92.6530612244898,5.789373461599879,45,Female,Afternoon
2,94.48979591836735,11.05898076931612,58,Male,Morning
2,96.3265306122449,11.112882540538621,20,Male,Afternoon
2,98.16326530612245,8.737986998688756,42,Female,Morning
2,100.0,5.081613275842903,55,Male,Afternoon
3,10.0,0.6206505559634155,33,Female,Morning
3,11.83673469387755,1.3254996444820009,28,Female,Morning
3,13.673469387755102,1.5980386103113595,35,Male,Morning
3,15.510204081632654,1.220243133280663,31,Male,Evening
3,17.346938775510203,2.2331597843539264,28,Female,Afternoon
3,19.183673469387756,1.6491436822908736,49,Female,Afternoon
3,21.02040816326531,3.0226518453935523,25,Female,Afternoon
3,22.857142857142858,1.9162064981233597,25,Female,Afternoon
3,24.693877551020407,2.0751573004823856,53,Female,Evening
3,26.53061224489796,1.9431843792037178,34,Male,Morning
3,28.367346938775512,3.816967021279029,46,Male,Afternoon
3,30.20408163265306,2.118755094148888,52,Male,Afternoon
3,32.04081632653062,2.3580546387663643,47,Female,Evening
3,33.87755102040816,4.6286618576809095,62,Male,Evening
3,35.714285714285715,4.571140462751952,35,Female,Evening
3,37.55102040816327,3.419074463414297,28,Male,Afternoon
3,39.38775510204081,4.2073387115178695,44,Male,Morning
3,41.22448979591837,4.05120192497965,50,Female,Morning
3,43.06122448979592,2.9329623020179127,23,Female,Morning
3,44.89795918367347,3.951581612041511,22,Male,Morning
3,46.734693877551024,4.678370641777405,54,Male,Morning
3,48.57142857142857,4.902781148228607,27,Female,Evening
3,50.40816326530612,4.725237322736895,63,Male,Evening
3,52.244897959183675,3.553568942981243,62,Male,Afternoon
3,54.08163265306123,5.771536395332052,51,Female,Evening
3,55.91836734693878,6.14476793757736,25,Male,Afternoon
3,57.755102040816325,1.7578698471055292,20,Male,Afternoon
3,59.59183673469388,5.6394579016765,29,Male,Afternoon
3,61.42857142857143,6.651132868512549,64,Male,Evening
3,63.26530612244898,8.024683413611566,54,Male,Afternoon
3,65.10204081632654,5.253834351326314,55,Female,Afternoon
3,66.93877551020408,7.612346444406074,55,Female,Afternoon
3,68.77551020408163,8.010080808106167,51,Female,Morning
3,70.61224489795919,9.959790402628325,55,Male,Evening
3,72.44897959183675,9.604728647664526,34,Male,Morning
3,74.28571428571429,5.378134976366448,21,Female,Morning
3,76.12244897959184,5.018932041308275,41,Male,Afternoon
3,77.95918367346938,7.7093093021285375,23,Male,Afternoon
3,79.79591836734694,9.771293774514394,28,Male,Evening
3,81.63265306122449,5.810292635924901,40,Male,Evening
3,83.46938775510205,11.037645882362614,21,Female,Morning
3,85.3061224489796,7.143610534230216,20,Female,Evening
3,87.14285714285714,9.529558637676294,36,Male,Morning
3,88.9795918367347,8.924767634156906,35,Female,Afternoon
3,90.81632653061224,8.887230570694785,43,Female,Afternoon
3,92.6530612244898,7.3469387168228755,31,Female,Morning
3,94.48979591836735,8.26740702454981,64,Male,Afternoon
3,96.3265306122449,9.10553551455562,64,Female,Afternoon
3,98.16326530612245,9.072135804842056,34,Female,Morning
3,100.0,7.880841707566702,25,Male,Evening
4,10.0,0.8938997704778945,39,Female,Afternoon
4,11.83673469387755,1.0473573144596267,45,Male,Afternoon
4,13.673469387755102,1.8171952522636163,31,Male,Evening
4,15.510204081632654,1.473768412219246,24,Male,Evening
4,17.346938775510203,1.8983889561536476,62,Female,Afternoon
4,19.183673469387756,2.168163736028607,55,Male,Evening
4,21.02040816326531,1.7612975418822063,54,Female,Afternoon
4,22.857142857142858,1.872209424554482,56,Male,Morning
4,24.693877551020407,2.1500599224761396,61,Male,Morning
4,26.53061224489796,2.079178610327056,30,Female,Morning
4,28.367346938775512,3.435473504163068,62,Female,Evening
4,30.20408163265306,3.4152566150107266,53,Male,Afternoon
4,32.04081632653062,4.180124408699332,61,Male,Afternoon
4,33.87755102040816,3.7528941520475647,58,Male,Afternoon
4,35.714285714285715,3.73285519578145,62,Female,Morning
4,37.55102040816327,4.385769504380325,50,Male,Afternoon
4,39.38775510204081,3.452659392655645,21,Female,Evening
4,41.22448979591837,3.084546561659007,47,Male,Evening
4,43.06122448979592,4.992935376101733,32,Female,Afternoon
4,44.89795918367347,4.620183237807351,47,Female,Afternoon
4,46.734693877551024,5.167283688185128,32,Male,Afternoon
4,48.57142857142857,5.058717671297447,62,Female,Morning
4,50.40816326530612,4.471650694662919,36,Female,Morning
4,52.244897959183675,4.177453219392017,37,Male,Evening
4,54.08163265306123,6.476267944941599,55,Male,Afternoon
4,55.91836734693878,6.446497968622543,28,Male,Morning
4,57.755102040816325,5.022572985681588,27,Male,Evening
4,59.59183673469388,6.0156751511199715,27,Female,Afternoon
4,61.42857142857143,7.379159737034884,18,Male,Morning
4,63.26530612244898,5.59658579774622,26,Male,Morning
4,65.10204081632654,5.568387072236966,52,Female,Evening
4,66.93877551020408,9.952253753942827,22,Female,Afternoon
4,68.77551020408163,7.388065956433188,26,Female,Evening
4,70.61224489795919,6.208249491413576,52,Male,Afternoon
4,72.44897959183675,8.015634680562002,47,Male,Morning
4,74.28571428571429,8.463150245312267,54,Male,Evening
4,76.12244897959184,8.053412333152497,21,Male,Morning
4,77.95918367346938,11.031849408500236,59,Male,Afternoon
4,79.79591836734694,7.580416583591291,31,Female,Evening
4,81.63265306122449,10.287432543938449,55,Male,Evening
4,83.46938775510205,11.682458215491408,34,Male,Evening
4,85.3061224489796,5.835756422217697,19,Female,Morning
4,87.14285714285714,9.124928229846358,23,Female,Evening
4,88.9795918367347,10.269784589937622,24,Male,Afternoon
4,90.81632653061224,9.696452658510264,46,Male,Afternoon
4,92.6530612244898,8.49575219220015,56,Male,Morning
4,94.48979591836735,8.580881238828029,54,Male,Evening
4,96.3265306122449,7.9954018678066054,50,Female,Afternoon
4,98.16326530612245,9.714709911660206,27,Male,Afternoon
4,100.0,13.681886139874416,55,Male,Evening
5,10.0,0.8441147608244933,32,Male,Morning
5,11.83673469387755,0.6636822577622182,46,Male,Morning
5,13.673469387755102,1.6051575373350173,53,Female,Afternoon
5,15.510204081632654,1.9715448051803115,60,Male,Morning
5,17.346938775510203,1.3260744039720407,40,Male,Afternoon
5,19.183673469387756,1.657369023688868,63,Male,Afternoon
5,21.02040816326531,2.177937455942692,42,Male,Evening
5,22.857142857142858,3.4942041524107665,57,Female,Evening
5,24.693877551020407,2.5234153883558856,21,Male,Morning
5,26.53061224489796,3.038161882068694,25,Male,Afternoon
5,28.367346938775512,2.494824306377801,26,Female,Evening
5,30.20408163265306,3.8068313342354863,46,Female,Morning
5,32.04081632653062,3.1462622724211236,63,Male,Morning
5,33.87755102040816,3.9169720915278825,43,Female,Afternoon
5,35.714285714285715,3.2332670052139316,57,Male,Morning
5,37.55102040816327,4.469985613539812,64,Male,Morning
5,39.38775510204081,4.782458441512711,43,Male,Evening
5,41.22448979591837,3.6419358306717333,42,Female,Evening
5,43.06122448979592,4.249731748396637,44,Female,Evening
5,44.89795918367347,5.214823752809046,34,Female,Evening
5,46.734693877551024,5.114353371797166,23,Male,Morning
5,48.57142857142857,3.371086105489273,46,Male,Evening
5,50.40816326530612,4.0153205464297494,37,Male,Morning
5,52.244897959183675,5.764356502097631,37,Female,Afternoon
5,54.08163265306123,8.19159325657638,30,Female,Evening
5,55.91836734693878,5.65806469763253,36,Female,Afternoon
5,57.755102040816325,8.744037941356591,35,Male,Afternoon
5,59.59183673469388,4.639695915333852,64,Female,Afternoon
5,61.42857142857143,4.257395007849757,47,Female,Evening
5,63.26530612244898,9.864367916669126,21,Male,Morning
5,65.10204081632654,6.653080456738393,27,Female,Evening
5,66.93877551020408,6.447628330717776,63,Female,Morning
5,68.77551020408163,8.164586197921201,18,Male,Evening
5,70.61224489795919,8.856971685175424,20,Female,Evening
5,72.44897959183675,7.38797857576022,20,Male,Morning
5,74.28571428571429,7.234915783104721,45,Male,Afternoon
5,76.12244897959184,9.515009731185238,33,Female,Morning
5,77.95918367346938,8.451281601242805,38,Female,Evening
5,79.79591836734694,7.016556834012326,27,Male,Morning
5,81.63265306122449,7.743473842861684,40,Male,Evening
5,83.46938775510205,10.62960993543386,18,Male,Morning
5,85.3061224489796,10.165510609517447,37,Male,Afternoon
5,87.14285714285714,7.915165065739569,29,Female,Morning
5,88.9795918367347,10.835116575687467,54,Female,Afternoon
5,90.81632653061224,10.806627166796703,52,Female,Afternoon
5,92.6530612244898,8.596374222113562,39,Female,Morning
5,94.48979591836735,9.377857684805287,63,Male,Morning
5,96.3265306122449,11.758197911476728,34,Female,Morning
5,98.16326530612245,14.04763354280126,56,Male,Afternoon
5,100.0,11.344514568827545,39,Male,Afternoon
6,10.0,1.0036867866130785,62,Female,Evening
6,11.83673469387755,1.2659581180039874,54,Male,Afternoon
6,13.673469387755102,0.9217031426105553,34,Male,Morning
6,15.510204081632654,1.7222107665449882,55,Female,Evening
6,17.346938775510203,1.422865337956696,44,Female,Afternoon
6,19.183673469387756,1.5693649536160923,29,Male,Morning
6,21.02040816326531,3.2626876709379475,34,Female,Morning
6,22.857142857142858,2.1871151877022825,45,Female,Afternoon
6,24.693877551020407,1.5533506844764244,60,Male,Evening
6,26.53061224489796,2.1279763367970768,53,Male,Afternoon
6,28.367346938775512,3.3044642406848452,56,Female,Evening
6,30.20408163265306,2.9451312667802716,51,Male,Evening
6,32.04081632653062,2.079585575631381,64,Female,Evening
6,33.87755102040816,3.3038106103227234,52,Female,Evening
6,35.714285714285715,3.838989363893556,19,Male,Morning
6,37.55102040816327,2.9674105572611094,26,Female,Morning
6,39.38775510204081,5.242493169457799,57,Female,Morning
6,41.22448979591837,3.541778022942211,56,Male,Evening
6,43.06122448979592,4.041049938287999,34,Female,Morning
6,44.89795918367347,3.898132029245859,64,Female,Afternoon
6,46.734693877551024,5.87411455008515,54,Female,Afternoon
6,48.57142857142857,5.526492311694545,25,Male,Afternoon
6,50.40816326530612,3.5018028169822726,43,Male,Morning
6,52.244897959183675,5.163985076414397,43,Male,Afternoon
6,54.08163265306123,4.05504478485637,24,Female,Evening
6,55.91836734693878,8.506276840599625,24,Male,Evening
6,57.755102040816325,5.729819965137007,47,Female,Evening
6,59.59183673469388,6.7714212393175774,52,Female,Evening
6,61.42857142857143,4.416517809666521,62,Female,Evening
6,63.26530612244898,6.960491169348478,54,Male,Afternoon
6,65.10204081632654,6.1703359437317244,32,Female,Morning
6,66.93877551020408,6.874591789505542,21,Male,Afternoon
6,68.77551020408163,8.296863713473183,33,Male,Afternoon
6,70.61224489795919,4.963249432364114,61,Female,Afternoon
6,72.44897959183675,8.278599406216056,52,Male,Evening
6,74.28571428571429,7.498425573783851,63,Female,Morning
6,76.12244897959184,6.824699624949229,61,Male,Evening
6,77.95918367346938,9.99334988633017,27,Female,Morning
6,79.79591836734694,8.437578847981584,18,Female,Morning
6,81.63265306122449,4.758828337036018,20,Male,Afternoon
6,83.46938775510205,9.659369560642384,35,Female,Morning
6,85.3061224489796,7.758885007203179,42,Female,Morning
6,87.14285714285714,8.287164379505812,21,Female,Evening
6,88.9795918367347,7.326299759746678,54,Male,Morning
6,90.81632653061224,8.780625474896965,63,Female,Evening
6,92.6530612244898,7.735446862326829,30,Female,Morning
6,94.48979591836735,9.2654812256827,25,Female,Morning
6,96.3265306122449,9.737300058801631,62,Female,Afternoon
6,98.16326530612245,9.564613289584702,58,Male,Afternoon
6,100.0,8.99772006544286,20,Female,Afternoon
7,10.0,1.1030545705973531,40,Male,Morning
7,11.83673469387755,1.4663777707263754,52,Female,Afternoon
7,13.673469387755102,0.9027204786754051,52,Female,Afternoon
7,15.510204081632654,1.6060429786930839,34,Female,Evening
7,17.346938775510203,1.5431062907596629,64,Male,Morning
7,19.183673469387756,2.161206493342931,21,Female,Morning
7,21.02040816326531,1.8444194484902379,26,Male,Morning
7,22.857142857142858,2.1084792868864075,51,Female,Afternoon
7,24.693877551020407,2.73780976096943,22,Male,Evening
7,26.53061224489796,3.228037775541679,51,Female,Evening
7,28.367346938775512,2.8626012688217837,54,Female,Morning
7,30.20408163265306,2.6392374072598197,45,Male,Morning
7,32.04081632653062,3.193557572720727,49,Female,Morning
7,33.87755102040816,4.1929521771117635,20,Female,Afternoon
7,35.714285714285715,4.359795620993284,50,Female,Evening
7,37.55102040816327,3.85466186328784,33,Female,Morning
7,39.38775510204081,3.7290455358891372,30,Male,Morning
7,41.22448979591837,3.900961290635775,42,Male,Afternoon
7,43.06122448979592,4.579824043679991,24,Male,Evening
7,44.89795918367347,3.9245157527722516,62,Female,Morning
7,46.734693877551024,4.327330402413139,47,Male,Evening
7,48.57142857142857,4.047399840928713,35,Female,Afternoon
7,50.40816326530612,5.0697958010812245,56,Female,Morning
7,52.244897959183675,6.560341538071301,63,Male,Morning
7,54.08163265306123,4.336070277360559,51,Female,Morning
7,55.91836734693878,5.764520791377566,52,Female,Afternoon
7,57.755102040816325,7.145908725130313,45,Female,Evening
7,59.59183673469388,5.677489683649336,47,Male,Morning
7,61.42857142857143,5.460328299686369,53,Female,Evening
7,63.26530612244898,6.9487993762199185,34,Female,Afternoon
7,65.10204081632654,6.20553868268657,39,Female,Evening
7,66.93877551020408,9.166336249585818,35,Female,Afternoon
7,68.77551020408163,6.108748316201937,29,Male,Morning
7,70.61224489795919,7.593940035805406,28,Male,Afternoon
7,72.44897959183675,8.891815077367834,28,Female,Evening
7,74.28571428571429,6.749648547827827,43,Female,Afternoon
7,76.12244897959184,8.64492114438625,52,Male,Morning
7,77.95918367346938,7.721031507212998,56,Male,Evening
7,79.79591836734694,7.11363880356128,49,Female,Evening
7,81.63265306122449,9.595268536793947,31,Female,Afternoon
7,83.46938775510205,9.066178203806135,54,Male,Afternoon
7,85.3061224489796,8.94572491267615,36,Male,Morning
7,87.14285714285714,8.634835800066131,55,Male,Afternoon
7,88.9795918367347,9.331004081243648,52,Female,Morning
7,90.81632653061224,6.80842839279695,32,Female,Evening
7,92.6530612244898,11.940690327548001,25,Female,Afternoon
7,94.48979591836735,9.149153083317733,24,Male,Morning
7,96.3265306122449,7.34655185225999,61,Male,Afternoon
7,98.16326530612245,12.268841021067363,42,Female,Afternoon
7,100.0,10.982809134038995,24,Male,Afternoon
8,10.0,0.864721539588146,55,Female,Morning
8,11.83673469387755,1.6100185514646013,39,Female,Morning
8,13.673469387755102,1.5972372154377328,28,Female,Morning
8,15.510204081632654,1.3485737860123197,34,Female,Morning
8,17.346938775510203,1.6746613686153549,63,Male,Evening
8,19.183673469387756,1.6543387311452016,55,Female,Evening
8,21.02040816326531,2.4323976177185136,55,Male,Evening
8,22.857142857142858,2.4802091711016985,39,Male,Morning
8,24.693877551020407,2.4676085419185356,39,Female,Morning
8,26.53061224489796,2.0384187363468143,27,Female,Afternoon
8,28.367346938775512,2.95496004206004,50,Male,Morning
8,30.20408163265306,1.7870336305028778,47,Male,Morning
8,32.04081632653062,3.0893678414798162,19,Female,Evening
8,33.87755102040816,2.8918710358587103,43,Female,Afternoon
8,35.714285714285715,3.163443578726574,61,Male,Evening
8,37.55102040816327,4.185123394977687,20,Male,Afternoon
8,39.38775510204081,5.279295380599828,48,Female,Morning
8,41.22448979591837,5.262837919086529,29,Female,Afternoon
8,43.06122448979592,5.395741306500411,64,Male,Evening
8,44.89795918367347,4.992077656817278,24,Male,Afternoon
8,46.734693877551024,4.488443812309602,20,Male,Morning
8,48.57142857142857,6.136784563110295,59,Female,Evening
8,50.40816326530612,5.696406322510395,29,Male,Morning
8,52.244897959183675,6.862213748986159,62,Male,Afternoon
8,54.08163265306123,5.025885358816168,62,Female,Morning
8,55.91836734693878,3.3252839855115304,49,Male,Afternoon
8,57.755102040816325,6.359981567830809,20,Female,Afternoon
8,59.59183673469388,3.578595460040098,52,Male,Morning
8,61.42857142857143,4.490815048986024,24,Female,Morning
8,63.26530612244898,5.858151447054894,47,Male,Evening
8,65.10204081632654,7.983141388313791,54,Female,Afternoon
8,66.93877551020408,6.326052332990984,37,Female,Afternoon
8,68.77551020408163,7.186286787162083,53,Female,Morning
8,70.61224489795919,8.539983725321655,51,Female,Afternoon
8,72.44897959183675,9.153122305908408,56,Female,Evening
8,74.28571428571429,8.081249811412473,29,Male,Morning
8,76.12244897959184,9.509713993479389,50,Male,Afternoon
8,77.95918367346938,7.59819595020835,25,Female,Afternoon
8,79.79591836734694,7.101349734067107,31,Female,Evening
8,81.63265306122449,7.066737358468488,54,Male,Afternoon
8,83.46938775510205,5.591628959569615,64,Female,Evening
8,85.3061224489796,8.44458468563436,42,Female,Afternoon
8,87.14285714285714,9.18174929442684,42,Male,Afternoon
8,88.9795918367347,7.628012986518478,52,Male,Morning
8,90.81632653061224,11.09361469540962,53,Male,Evening
8,92.6530612244898,7.953192631623919,64,Male,Evening
8,94.48979591836735,9.164716764833353,33,Female,Morning
8,96.3265306122449,11.550607886902023,27,Female,Afternoon
8,98.16326530612245,9.495396779780567,25,Male,Morning
8,100.0,7.709645151929239,37,Female,Morning
9,10.0,0.6726550017401318,29,Male,Morning
9,11.83673469387755,1.46910246810091,61,Female,Evening
9,13.673469387755102,1.2844013593889447,37,Female,Afternoon
9,15.510204081632654,1.6688130212548957,19,Male,Evening
9,17.346938775510203,1.305412082191841,54,Male,Evening
9,19.183673469387756,2.1597934830938654,22,Male,Morning
9,21.02040816326531,2.8233586482638504,37,Male,Afternoon
9,22.857142857142858,2.638574626301912,41,Male,Evening
9,24.693877551020407,2.5028497236907006,64,Male,Afternoon
9,26.53061224489796,2.8653668640990544,40,Female,Afternoon
9,28.367346938775512,3.4654588225572036,59,Female,Evening
9,30.20408163265306,2.39222009300172,25,Female,Morning
9,32.04081632653062,3.3813116610506277,49,Female,Morning
9,33.87755102040816,2.9468634808192458,64,Female,Evening
9,35.714285714285715,4.1929055219205384,43,Male,Afternoon
9,37.55102040816327,4.127369254640651,47,Female,Afternoon
9,39.38775510204081,4.697356518853171,57,Male,Evening
9,41.22448979591837,4.376079153473929,25,Male,Afternoon
9,43.06122448979592,4.461698746784156,48,Female,Afternoon
9,44.89795918367347,5.164828000598314,22,Male,Afternoon
9,46.734693877551024,3.74809792606476,23,Male,Morning
9,48.57142857142857,4.429707105890181,50,Male,Morning
9,50.40816326530612,5.364796866188643,30,Male,Morning
9,52.244897959183675,5.665353930956053,28,Female,Afternoon
9,54.08163265306123,3.585844368867664,55,Male,Afternoon
9,55.91836734693878,4.547592256119098,51,Female,Morning
9,57.755102040816325,5.431793994078051,28,Male,Afternoon
9,59.59183673469388,7.598801589742829,24,Male,Morning
9,61.42857142857143,4.796004893243039,24,Male,Morning
9,63.26530612244898,4.504425413860281,36,Female,Morning
9,65.10204081632654,4.48849006272116,52,Female,Afternoon
9,66.93877551020408,6.287511007063997,43,Male,Evening
9,68.77551020408163,7.49803720387128,19,Female,Morning
9,70.61224489795919,5.579769815471884,20,Male,Afternoon
9,72.44897959183675,4.882085528847271,53,Male,Evening
9,74.28571428571429,7.682585443472784,40,Female,Afternoon
9,76.12244897959184,7.227543830104655,28,Male,Evening
9,77.95918367346938,8.407250164676459,21,Male,Morning
9,79.79591836734694,6.776325901033183,21,Female,Morning
9,81.63265306122449,7.705020282666491,63,Male,Morning
9,83.46938775510205,8.647251868660298,33,Female,Afternoon
9,85.3061224489796,10.905538594661397,35,Female,Morning
9,87.14285714285714,6.869228562479371,61,Female,Evening
9,88.9795918367347,9.010367919420114,30,Male,Evening
9,90.81632653061224,10.805217532562162,59,Female,Afternoon
9,92.6530612244898,8.038371091272321,24,Female,Morning
9,94.48979591836735,10.350419273795588,64,Male,Morning
9,96.3265306122449,5.24611104692647,39,Female,Morning
9,98.16326530612245,9.258873424348984,26,Male,Afternoon
9,100.0,10.80238443265378,41,Female,Morning
10,10.0,0.751227352921743,54,Female,Afternoon
10,11.83673469387755,1.019638769501377,41,Male,Evening
10,13.673469387755102,1.183167870104738,53,Female,Morning
10,15.510204081632654,1.6375655360367714,22,Male,Morning
10,17.346938775510203,1.954575652568279,38,Male,Afternoon
10,19.183673469387756,2.0771310822875138,54,Male,Evening
10,21.02040816326531,2.5072634654280646,27,Male,Afternoon
10,22.857142857142858,3.2962390864417612,30,Male,Morning
10,24.693877551020407,2.624654705227088,52,Male,Morning
10,26.53061224489796,2.65195553606276,35,Male,Afternoon
10,28.367346938775512,3.7885731149250015,28,Male,Afternoon
10,30.20408163265306,2.6859956743968034,36,Female,Afternoon
10,32.04081632653062,3.6406673444245476,62,Female,Morning
10,33.87755102040816,3.202469122810201,50,Female,Evening
10,35.714285714285715,2.366250411819235,23,Male,Evening
10,37.55102040816327,2.8139797509020674,21,Male,Morning
10,39.38775510204081,4.327440722364995,61,Male,Morning
10,41.22448979591837,4.918418003412029,25,Female,Afternoon
10,43.06122448979592,3.362837516765876,20,Female,Afternoon
10,44.89795918367347,5.147977711989902,19,Male,Afternoon
10,46.734693877551024,2.8497708949371914,39,Female,Afternoon
10,48.57142857142857,4.2461833628452705,53,Male,Morning
10,50.40816326530612,6.362730313905808,33,Female,Afternoon
10,52.244897959183675,5.950073541428633,47,Male,Evening
10,54.08163265306123,4.612590062096784,29,Female,Evening
10,55.91836734693878,6.974242979623102,33,Female,Morning
10,57.755102040816325,4.90537388780485,47,Male,Afternoon
10,59.59183673469388,6.899919014945075,39,Female,Evening
10,61.42857142857143,6.509035572417387,29,Female,Afternoon
10,63.26530612244898,7.594275674188205,31,Female,Morning
10,65.10204081632654,5.622167476569057,58,Male,Afternoon
10,66.93877551020408,5.121499259356125,44,Male,Morning
10,68.77551020408163,8.679569929900229,40,Female,Afternoon
10,70.61224489795919,7.116533513915115,23,Male,Afternoon
10,72.44897959183675,7.609034704025573,54,Female,Afternoon
10,74.28571428571429,7.4262678199009455,29,Male,Morning
10,76.12244897959184,7.736825921380579,52,Female,Afternoon
10,77.95918367346938,7.64173123461626,47,Female,Afternoon
10,79.79591836734694,7.402849653191435,31,Male,Evening
10,81.63265306122449,7.428406312342492,38,Male,Afternoon
10,83.46938775510205,7.622240557494466,31,Female,Afternoon
10,85.3061224489796,7.602857946582221,27,Male,Afternoon
10,87.14285714285714,8.670667300472749,63,Female,Afternoon
10,88.9795918367347,10.353249414087042,63,Male,Evening
10,90.81632653061224,7.629408898169208,38,Female,Morning
10,92.6530612244898,9.916746013497772,32,Female,Morning
10,94.48979591836735,10.408537964711122,49,Female,Morning
10,96.3265306122449,9.736663402066997,48,Female,Afternoon
10,98.16326530612245,11.241199354862935,49,Male,Evening
10,100.0,9.082086228350853,19,Female,Evening
11,10.0,0.9573114258139583,19,Female,Evening
11,11.83673469387755,1.5365800650501926,48,Female,Evening
11,13.673469387755102,1.1996000879296205,33,Female,Morning
11,15.510204081632654,1.4571930768444992,21,Female,Evening
11,17.346938775510203,1.4803856515162672,46,Female,Afternoon
11,19.183673469387756,1.633186692739972,56,Female,Evening
11,21.02040816326531,1.9202007226326578,52,Male,Evening
11,22.857142857142858,2.892378560920534,45,Female,Afternoon
11,24.693877551020407,2.2687735882724827,22,Female,Evening
11,26.53061224489796,2.036326814977999,19,Female,Evening
11,28.367346938775512,3.6136828396855125,38,Female,Evening
11,30.20408163265306,2.78842137826016,56,Male,Morning
11,32.04081632653062,3.803397515672415,62,Male,Morning
11,33.87755102040816,3.0532003432397925,35,Male,Morning
11,35.714285714285715,3.484037926684925,28,Male,Morning
11,37.55102040816327,3.4282905550805136,43,Female,Afternoon
11,39.38775510204081,4.8590449808598155,57,Male,Morning
11,41.22448979591837,3.410992332948569,46,Female,Morning
11,43.06122448979592,5.573130363678169,30,Male,Morning
11,44.89795918367347,4.301831800108529,34,Female,Morning
11,46.734693877551024,4.488582558896735,57,Male,Evening
11,48.57142857142857,4.488235726876336,51,Female,Evening
11,50.40816326530612,3.519072601585836,34,Female,Evening
11,52.244897959183675,4.936382952523937,41,Male,Evening
11,54.08163265306123,4.754490391982541,25,Male,Evening
11,55.91836734693878,5.507045034880855,60,Male,Morning
11,57.755102040816325,5.633416570163242,34,Male,Morning
11,59.59183673469388,6.071430191717059,57,Female,Evening
11,61.42857142857143,4.937729998648777,32,Male,Evening
11,63.26530612244898,4.646307746028349,45,Male,Evening
11,65.10204081632654,8.129987059000086,49,Female,Afternoon
11,66.93877551020408,3.7443402810168056,55,Male,Morning
11,68.77551020408163,8.247624775985958,42,Male,Afternoon
11,70.61224489795919,5.992444487163129,32,Female,Evening
11,72.44897959183675,7.652321406553698,31,Male,Morning
11,74.28571428571429,6.053363308906657,42,Female,Evening
11,76.12244897959184,6.63252122476819,57,Female,Afternoon
11,77.95918367346938,9.24259154664095,30,Male,Evening
11,79.79591836734694,11.751757863171736,51,Male,Afternoon
11,81.63265306122449,8.851199294773881,32,Male,Afternoon
11,83.46938775510205,7.354026579129528,31,Female,Afternoon
11,85.3061224489796,6.344561520353775,42,Female,Afternoon
11,87.14285714285714,9.2633562811451,61,Female,Evening
11,88.9795918367347,8.601864768978656,63,Male,Morning
11,90.81632653061224,10.644533478857497,56,Male,Morning
11,92.6530612244898,8.18482793016205,64,Female,Morning
11,94.48979591836735,8.979004116640889,25,Female,Afternoon
11,96.3265306122449,12.729253517883414,24,Male,Evening
11,98.16326530612245,12.024604685915614,42,Female,Morning
11,100.0,8.401211847677128,30,Female,Afternoon
12,10.0,1.0799375903505284,44,Female,Evening
12,11.83673469387755,1.029474694530914,32,Male,Evening
12,13.673469387755102,1.5025620765044998,60,Male,Morning
12,15.510204081632654,1.775488306357189,50,Female,Evening
12,17.346938775510203,1.9308911015456376,46,Female,Evening
12,19.183673469387756,1.2428093903647066,61,Male,Morning
12,21.02040816326531,1.8403879425140708,59,Female,Morning
12,22.857142857142858,2.50426971274398,61,Male,Evening
12,24.693877551020407,3.105493385020549,60,Male,Afternoon
12,26.53061224489796,2.4287120206484873,38,Female,Afternoon
12,28.367346938775512,2.158254099498406,58,Female,Morning
12,30.20408163265306,3.2889844689656362,26,Female,Afternoon
12,32.04081632653062,3.3520675518788137,29,Male,Afternoon
12,33.87755102040816,3.547944882692108,31,Male,Afternoon
12,35.714285714285715,4.124166245458771,33,Male,Evening
12,37.55102040816327,4.597878388977593,23,Female,Evening
12,39.38775510204081,5.299200095053253,41,Female,Evening
12,41.22448979591837,3.792953022472859,43,Male,Afternoon
12,43.06122448979592,5.753920320205441,38,Female,Afternoon
12,44.89795918367347,3.8155133838709183,63,Female,Morning
12,46.734693877551024,3.3232503895217205,24,Female,Morning
12,48.57142857142857,3.243328492244455,31,Male,Morning
12,50.40816326530612,6.595514931772512,21,Female,Afternoon
12,52.244897959183675,7.3206521606887165,41,Female,Afternoon
12,54.08163265306123,4.732370490050923,36,Male,Evening
12,55.91836734693878,6.517677250178378,63,Male,Afternoon
12,57.755102040816325,7.008696335224224,55,Male,Evening
12,59.59183673469388,6.970253935142402,53,Female,Evening
12,61.42857142857143,4.740210516921694,50,Female,Evening
12,63.26530612244898,6.081492112748112,45,Male,Evening
12,65.10204081632654,5.176671032812179,21,Female,Evening
12,66.93877551020408,9.176091272480058,44,Male,Afternoon
12,68.77551020408163,7.2954039359114295,27,Female,Evening
12,70.61224489795919,5.116998885466219,30,Male,Morning
12,72.44897959183675,9.689308944383733,23,Male,Evening
12,74.28571428571429,9.915565649782032,62,Male,Morning
12,76.12244897959184,6.724029352086481,54,Female,Morning
12,77.95918367346938,5.767573587802465,38,Female,Morning
12,79.79591836734694,9.430626616666013,56,Male,Afternoon
12,81.63265306122449,10.49474528201598,52,Male,Morning
12,83.46938775510205,7.571808077961373,48,Female,Morning
12,85.3061224489796,7.940149851518096,53,Male,Afternoon
12,87.14285714285714,10.259032627421627,27,Female,Afternoon
12,88.9795918367347,7.665304329739083,48,Female,Morning
12,90.81632653061224,8.12610316598236,37,Female,Afternoon
12,92.6530612244898,9.239327059718592,60,Male,Morning
12,94.48979591836735,4.8676602428311355,24,Female,Evening
12,96.3265306122449,11.335793579928227,32,Female,Evening
12,98.16326530612245,9.947847081572096,24,Male,Afternoon
12,100.0,11.0318784354082,43,Female,Afternoon
13,10.0,1.1588529359243656,43,Male,Morning
13,11.83673469387755,0.8867396467599328,36,Male,Morning
13,13.673469387755102,1.2012565097253654,24,Female,Evening
13,15.510204081632654,2.0564431574815103,50,Male,Morning
13,17.346938775510203,1.5640092392782645,60,Male,Evening
13,19.183673469387756,1.3825179083914556,39,Male,Morning
13,21.02040816326531,1.5395878792054942,51,Male,Afternoon
13,22.857142857142858,2.5378556663828227,38,Male,Afternoon
13,24.693877551020407,1.9141248820452834,27,Female,Evening
13,26.53061224489796,2.9980602020204006,56,Female,Evening
13,28.367346938775512,3.6294468274925227,27,Male,Evening
13,30.20408163265306,3.0548487517670027,49,Male,Morning
13,32.04081632653062,2.8947317021119225,63,Female,Afternoon
13,33.87755102040816,2.7418263307308317,32,Female,Morning
13,35.714285714285715,2.8756884120586594,31,Male,Morning
13,37.55102040816327,4.10019389517146,58,Female,Afternoon
13,39.38775510204081,4.228064627708111,19,Male,Afternoon
13,41.22448979591837,5.4317751817390025,20,Female,Morning
13,43.06122448979592,5.395208316809861,56,Female,Evening
13,44.89795918367347,4.073892772964399,42,Male,Afternoon
13,46.734693877551024,4.554640407598746,28,Female,Afternoon
13,48.57142857142857,4.005020090824635,25,Female,Morning
13,50.40816326530612,6.9294063294927914,26,Male,Evening
13,52.244897959183675,6.353029815603878,63,Female,Afternoon
13,54.08163265306123,5.9324661085021875,29,Female,Evening
13,55.91836734693878,4.645299087887758,33,Male,Morning
13,57.755102040816325,5.468776509554229,57,Female,Morning
13,59.59183673469388,6.5353479286916905,45,Male,Evening
13,61.42857142857143,4.969420831085081,21,Female,Afternoon
13,63.26530612244898,6.8625131034039715,63,Female,Evening
13,65.10204081632654,6.7595721937683395,63,Male,Morning
13,66.93877551020408,7.0168412618406295,62,Male,Morning
13,68.77551020408163,8.457645647947839,21,Female,Afternoon
13,70.61224489795919,9.084042215515328,48,Male,Evening
13,72.44897959183675,7.809836003725309,20,Male,Morning
13,74.28571428571429,6.281050606161612,37,Female,Afternoon
13,76.12244897959184,7.908185079544271,45,Male,Morning
13,77.95918367346938,7.245267249576805,55,Female,Afternoon
13,79.79591836734694,6.37323206928841,28,Female,Evening
13,81.63265306122449,10.024291528373952,61,Female,Morning
13,83.46938775510205,8.194742163679672,20,Female,Afternoon
13,85.3061224489796,4.708812826199378,43,Female,Morning
13,87.14285714285714,7.671416102170189,51,Male,Evening
13,88.9795918367347,11.818352369640106,64,Female,Afternoon
13,90.81632653061224,7.0071504530736775,39,Male,Morning
13,92.6530612244898,12.998999456124055,61,Male,Afternoon
13,94.48979591836735,9.520698171438681,37,Male,Afternoon
13,96.3265306122449,9.893783867342341,19,Male,Evening
13,98.16326530612245,10.37249578046406,18,Female,Evening
13,100.0,9.482190052591845,40,Female,Evening
14,10.0,1.173569388606259,64,Female,Evening
14,11.83673469387755,1.0941673720121086,38,Male,Morning
14,13.673469387755102,1.6486601425169725,31,Female,Morning
14,15.510204081632654,1.1425595413939742,56,Male,Evening
14,17.346938775510203,2.0328035270407607,44,Male,Evening
14,19.183673469387756,2.051186563707256,44,Female,Afternoon
14,21.02040816326531,2.567466567087993,25,Female,Evening
14,22.857142857142858,2.2306828964783554,36,Female,Evening
14,24.693877551020407,2.3767688631565727,42,Female,Afternoon
14,26.53061224489796,2.1529244861730676,43,Female,Evening
14,28.367346938775512,3.057002971600665,63,Male,Evening
14,30.20408163265306,2.599713757744713,59,Male,Morning
14,32.04081632653062,3.8469570300368447,36,Male,Afternoon
14,33.87755102040816,4.781377423025916,55,Male,Morning
14,35.714285714285715,3.485805323269376,26,Female,Morning
14,37.55102040816327,3.5909134250889534,42,Female,Evening
14,39.38775510204081,4.455235946378808,21,Female,Afternoon
14,41.22448979591837,5.382041514872656,58,Male,Afternoon
14,43.06122448979592,4.787684122279886,47,Female,Evening
14,44.89795918367347,6.512796384034061,28,Female,Afternoon
14,46.734693877551024,4.738946715726199,22,Female,Morning
14,48.57142857142857,5.985824636819386,20,Female,Morning
14,50.40816326530612,5.223885514078985,26,Female,Evening
14,52.244897959183675,7.010388880173153,34,Female,Morning
14,54.08163265306123,4.1962775311160065,36,Female,Morning
14,55.91836734693878,5.468885983626816,39,Female,Morning
14,57.755102040816325,7.186814515766629,46,Male,Evening
14,59.59183673469388,8.044398943426815,24,Female,Afternoon
14,61.42857142857143,5.0420586087707555,44,Male,Morning
14,63.26530612244898,5.148680937959366,18,Female,Evening
14,65.10204081632654,7.690969815286162,35,Male,Morning
14,66.93877551020408,6.405373835261563,29,Female,Afternoon
14,68.77551020408163,6.608917047301364,59,Male,Morning
14,70.61224489795919,7.491481602977699,46,Male,Morning
14,72.44897959183675,6.429682504472765,62,Female,Morning
14,74.28571428571429,10.813398073297854,30,Male,Afternoon
14,76.12244897959184,8.065814519762883,50,Female,Evening
14,77.95918367346938,8.24610520319602,38,Male,Morning
14,79.79591836734694,7.193839813279315,58,Male,Morning
14,81.63265306122449,5.970768329355742,58,Male,Morning
14,83.46938775510205,8.519794092667397,58,Male,Morning
14,85.3061224489796,4.841601492474949,28,Female,Evening
14,87.14285714285714,10.035556517416165,62,Male,Evening
14,88.9795918367347,8.742751016697047,29,Female,Morning
14,90.81632653061224,10.483875898332748,50,Male,Afternoon
14,92.6530612244898,12.102942775669712,56,Female,Afternoon
14,94.48979591836735,10.748900899949344,63,Male,Afternoon
14,96.3265306122449,10.441151537413424,62,Male,Evening
14,98.16326530612245,11.42351570741278,50,Male,Afternoon
14,100.0,7.589992957801945,54,Male,Evening
15,10.0,1.3042796995663846,50,Female,Afternoon
15,11.83673469387755,1.0674515424794317,32,Male,Evening
15,13.673469387755102,1.8546908053474254,27,Female,Evening
15,15.510204081632654,1.2205957714679925,28,Male,Afternoon
15,17.346938775510203,1.3389132663742829,26,Male,Evening
15,19.183673469387756,1.9209775153017163,45,Male,Afternoon
15,21.02040816326531,2.1265720548628746,57,Female,Morning
15,22.857142857142858,1.9452415054964451,58,Female,Evening
15,24.693877551020407,2.056528801513207,32,Female,Morning
15,26.53061224489796,2.598473405175854,38,Female,Morning
15,28.367346938775512,2.7376544432588563,41,Male,Afternoon
15,30.20408163265306,2.1233335533650086,45,Male,Afternoon
15,32.04081632653062,3.014414839123673,62,Male,Morning
15,33.87755102040816,4.121953507150248,55,Female,Afternoon
15,35.714285714285715,4.566046642903093,20,Male,Evening
15,37.55102040816327,3.5673120053624197,58,Male,Evening
15,39.38775510204081,4.563850298230927,53,Female,Morning
15,41.22448979591837,2.6808022098199493,41,Male,Afternoon
15,43.06122448979592,4.088013118304819,21,Male,Morning
15,44.89795918367347,3.3992610540180186,18,Male,Evening
15,46.734693877551024,4.719810127310196,45,Male,Evening
15,48.57142857142857,4.700408480109687,64,Male,Evening
15,50.40816326530612,3.3436357817201037,55,Female,Morning
15,52.244897959183675,4.382437808069289,25,Female,Afternoon
15,54.08163265306123,7.45395012298302,62,Female,Morning
15,55.91836734693878,5.075043636283743,47,Female,Evening
15,57.755102040816325,4.487862852355333,43,Male,Afternoon
15,59.59183673469388,6.075597346218783,60,Female,Evening
15,61.42857142857143,5.82490769443756,47,Female,Morning
15,63.26530612244898,8.349308664720255,54,Female,Morning
15,65.10204081632654,3.093924705550141,35,Female,Morning
15,66.93877551020408,5.059674382466664,46,Male,Evening
15,68.77551020408163,6.729955826410509,62,Female,Afternoon
15,70.61224489795919,7.693510434001453,21,Male,Morning
15,72.44897959183675,11.059951735143256,62,Female,Morning
15,74.28571428571429,4.7459575831099485,40,Male,Evening
15,76.12244897959184,5.993269598159328,38,Female,Evening
15,77.95918367346938,6.434112325626356,61,Male,Evening
15,79.79591836734694,4.820790914869662,45,Male,Morning
15,81.63265306122449,9.384343275293933,52,Male,Evening
15,83.46938775510205,7.475682277547305,34,Male,Afternoon
15,85.3061224489796,9.494254345173324,57,Female,Morning
15,87.14285714285714,8.383487037011637,56,Male,Morning
15,88.9795918367347,11.46070225799423,34,Male,Afternoon
15,90.81632653061224,9.542506732102389,62,Male,Afternoon
15,92.6530612244898,10.131970204006151,38,Female,Evening
15,94.48979591836735,8.166697623371936,37,Male,Afternoon
15,96.3265306122449,9.778438052205287,29,Female,Morning
15,98.16326530612245,9.853197250515151,61,Female,Afternoon
15,100.0,11.307423760512387,53,Female,Evening
16,10.0,1.1279574663591074,32,Male,Evening
16,11.83673469387755,1.0119771399112565,34,Male,Morning
16,13.673469387755102,1.352335110035546,64,Male,Evening
16,15.510204081632654,1.639600447710947,21,Male,Morning
16,17.346938775510203,1.7912660846183688,25,Female,Morning
16,19.183673469387756,1.9154018494206313,34,Male,Morning
16,21.02040816326531,1.6718675105601648,55,Male,Evening
16,22.857142857142858,1.922548089842889,22,Male,Evening
16,24.693877551020407,2.793322424326943,33,Female,Afternoon
16,26.53061224489796,2.7563906339324116,46,Female,Evening
16,28.367346938775512,2.881555149477297,38,Female,Afternoon
16,30.20408163265306,3.6725406362454,58,Female,Evening
16,32.04081632653062,3.8148597229552887,24,Female,Evening
16,33.87755102040816,3.7353966519842885,20,Male,Morning
16,35.714285714285715,3.133002230826517,30,Female,Morning
16,37.55102040816327,3.897261112405479,26,Male,Morning
16,39.38775510204081,4.215630628798063,57,Male,Morning
16,41.22448979591837,5.004776931183341,51,Female,Afternoon
16,43.06122448979592,2.893484649483504,55,Male,Evening
16,44.89795918367347,3.0238251075173044,25,Male,Afternoon
16,46.734693877551024,2.9035193521125846,57,Male,Evening
16,48.57142857142857,5.064342458590855,51,Female,Afternoon
16,50.40816326530612,3.42013352449332,51,Male,Evening
16,52.244897959183675,4.427520231375711,25,Male,Afternoon
16,54.08163265306123,4.900581827510136,46,Male,Morning
16,55.91836734693878,4.811514054593298,56,Male,Morning
16,57.755102040816325,5.866643246275013,38,Male,Morning
16,59.59183673469388,5.986761253651695,36,Male,Morning
16,61.42857142857143,2.4331707799915576,27,Female,Afternoon
16,63.26530612244898,6.559156566831206,37,Female,Afternoon
16,65.10204081632654,7.561110646233887,41,Male,Afternoon
16,66.93877551020408,5.390517740803814,47,Male,Morning
16,68.77551020408163,7.188830265448853,29,Male,Evening
16,70.61224489795919,7.664896938972695,31,Female,Afternoon
16,72.44897959183675,8.050845879771893,58,Female,Morning
16,74.28571428571429,8.63532767453827,32,Male,Evening
16,76.12244897959184,8.465282867810279,35,Female,Afternoon
16,77.95918367346938,6.836040189150736,55,Male,Evening
16,79.79591836734694,6.436229864499676,23,Male,Morning
16,81.63265306122449,12.143297286628131,46,Female,Evening
16,83.46938775510205,8.064062293344094,26,Male,Afternoon
16,85.3061224489796,8.785843860549981,61,Female,Afternoon
16,87.14285714285714,8.436135192247864,23,Female,Evening
16,88.9795918367347,10.579623045344846,54,Male,Afternoon
16,90.81632653061224,9.22393941913614,44,Male,Evening
16,92.6530612244898,8.23709486694725,27,Male,Evening
16,94.48979591836735,10.488546985321726,54,Male,Evening
16,96.3265306122449,8.939040170950635,34,Female,Evening
16,98.16326530612245,14.216268276322335,54,Female,Morning
16,100.0,9.179437128058005,54,Female,Evening
17,10.0,0.4334960858447583,64,Female,Afternoon
17,11.83673469387755,1.1876720879267921,31,Male,Morning
17,13.673469387755102,1.7051149472267402,48,Female,Morning
17,15.510204081632654,1.4517265691764343,26,Female,Evening
17,17.346938775510203,2.0252578333105116,53,Male,Evening
17,19.183673469387756,2.419780265356228,62,Male,Afternoon
17,21.02040816326531,2.384927674615092,53,Female,Evening
17,22.857142857142858,2.2105524843605115,45,Female,Morning
17,24.693877551020407,2.29978472224431,18,Female,Morning
17,26.53061224489796,3.6955524744324824,60,Male,Morning
17,28.367346938775512,1.8473678032164378,27,Female,Morning
17,30.20408163265306,3.0923049963101565,54,Female,Afternoon
17,32.04081632653062,3.0643606821342027,64,Female,Morning
17,33.87755102040816,1.5998277100279865,29,Female,Morning
17,35.714285714285715,3.955758371558435,43,Female,Morning
17,37.55102040816327,3.723798907592897,37,Male,Evening
17,39.38775510204081,3.5906128078772963,29,Male,Afternoon
17,41.22448979591837,3.8453594073375212,59,Male,Evening
17,43.06122448979592,4.10141358649178,23,Male,Morning
17,44.89795918367347,4.662414890297759,42,Male,Evening
17,46.734693877551024,2.6530721782445092,29,Female,Evening
17,48.57142857142857,5.105414406463445,53,Male,Evening
17,50.40816326530612,5.399513733906664,49,Male,Morning
17,52.244897959183675,6.027511760090965,40,Male,Morning
17,54.08163265306123,3.6765732477702997,20,Male,Morning
17,55.91836734693878,4.665272715143725,46,Female,Afternoon
17,57.755102040816325,7.706243502875642,40,Female,Afternoon
17,59.59183673469388,5.8309907489681585,21,Female,Morning
17,61.42857142857143,6.373585987409052,37,Female,Evening
17,63.26530612244898,4.309990715270121,32,Female,Afternoon
17,65.10204081632654,4.8694181220814166,61,Male,Afternoon
17,66.93877551020408,5.868707992502251,43,Male,Afternoon
17,68.77551020408163,5.313401447997114,30,Male,Evening
17,70.61224489795919,5.734553464510291,48,Female,Evening
17,72.44897959183675,6.069981973552368,55,Female,Afternoon
17,74.28571428571429,5.560170038183999,64,Male,Morning
17,76.12244897959184,9.309039077606062,22,Female,Morning
17,77.95918367346938,9.532768889340337,28,Female,Afternoon
17,79.79591836734694,5.283992433928171,51,Male,Morning
17,81.63265306122449,6.988865322237465,38,Female,Morning
17,83.46938775510205,9.43981041889541,35,Female,Afternoon
17,85.3061224489796,8.845652491135196,63,Male,Evening
17,87.14285714285714,6.232531820015461,60,Female,Morning
17,88.9795918367347,8.423426875321613,34,Female,Evening
17,90.81632653061224,9.895095827549177,45,Female,Afternoon
17,92.6530612244898,9.952966119577637,58,Female,Evening
17,94.48979591836735,4.553376385491483,43,Female,Morning
17,96.3265306122449,9.538320125638817,29,Male,Morning
17,98.16326530612245,13.790583382861128,55,Female,Afternoon
17,100.0,7.273651990814379,43,Female,Evening
18,10.0,0.8355136845490274,34,Male,Evening
18,11.83673469387755,1.4954433164401175,33,Female,Afternoon
18,13.673469387755102,1.19191990650625,25,Female,Evening
18,15.510204081632654,1.7023603822457212,47,Male,Evening
18,17.346938775510203,1.4028690121243643,41,Female,Afternoon
18,19.183673469387756,2.099617102533696,46,Female,Morning
18,21.02040816326531,2.296876067155773,45,Female,Afternoon
18,22.857142857142858,2.5355532027300756,60,Male,Afternoon
18,24.693877551020407,2.9051522471066633,25,Female,Evening
18,26.53061224489796,2.41317655808857,39,Male,Evening
18,28.367346938775512,2.8255301061170894,30,Male,Afternoon
18,30.20408163265306,2.7264741884909247,53,Male,Afternoon
18,32.04081632653062,3.6809719980632254,18,Female,Morning
18,33.87755102040816,3.264966478554265,46,Male,Morning
18,35.714285714285715,3.0492329749635276,47,Male,Evening
18,37.55102040816327,3.9368011917679078,56,Male,Afternoon
18,39.38775510204081,4.877747180533075,46,Female,Morning
18,41.22448979591837,3.6341312684625584,44,Female,Morning
18,43.06122448979592,3.694583199520277,62,Female,Evening
18,44.89795918367347,3.9530771713417137,27,Male,Evening
18,46.734693877551024,3.922001308870213,18,Male,Afternoon
18,48.57142857142857,5.581914173267123,51,Female,Morning
18,50.40816326530612,4.673291268595303,28,Female,Evening
18,52.244897959183675,3.697312729076699,38,Male,Afternoon
18,54.08163265306123,5.21154919139193,24,Male,Evening
18,55.91836734693878,5.785696122846996,24,Female,Morning
18,57.755102040816325,7.405417979590859,59,Female,Evening
18,59.59183673469388,5.476001133782763,62,Male,Morning
18,61.42857142857143,7.059495498153741,63,Female,Afternoon
18,63.26530612244898,4.270362651156973,44,Female,Afternoon
18,65.10204081632654,6.524710851479812,20,Male,Evening
18,66.93877551020408,7.643927931779203,57,Male,Morning
18,68.77551020408163,8.114733096876238,41,Female,Evening
18,70.61224489795919,8.112759483310567,51,Male,Morning
18,72.44897959183675,4.667760847664027,40,Male,Morning
18,74.28571428571429,7.9034827127939105,48,Female,Morning
18,76.12244897959184,8.663095210374864,54,Male,Afternoon
18,77.95918367346938,3.8069521534521917,57,Male,Evening
18,79.79591836734694,6.244436073080181,20,Female,Evening
18,81.63265306122449,6.390489585493575,39,Male,Afternoon
18,83.46938775510205,9.702382017606835,58,Male,Morning
18,85.3061224489796,10.813115782709538,40,Female,Afternoon
18,87.14285714285714,7.225990793952878,64,Female,Evening
18,88.9795918367347,7.2544609354646274,33,Female,Afternoon
18,90.81632653061224,11.732982385272994,33,Male,Evening
18,92.6530612244898,6.077850783141596,48,Female,Afternoon
18,94.48979591836735,6.144895074313387,49,Female,Afternoon
18,96.3265306122449,9.889062216263518,34,Female,Evening
18,98.16326530612245,11.721466206189126,55,Male,Morning
18,100.0,11.606730097642325,42,Male,Morning
19,10.0,1.2163884119481698,23,Male,Evening
19,11.83673469387755,1.4193505437013008,40,Female,Evening
19,13.673469387755102,1.2530969533553908,51,Male,Morning
19,15.510204081632654,1.8433065286277532,46,Male,Morning
19,17.346938775510203,1.957364571716505,20,Male,Evening
19,19.183673469387756,1.491011463826504,29,Female,Evening
19,21.02040816326531,2.789044507466749,34,Male,Afternoon
19,22.857142857142858,1.3058892232514931,32,Female,Afternoon
19,24.693877551020407,2.5958475044011196,50,Female,Afternoon
19,26.53061224489796,2.4815472024984833,21,Female,Evening
19,28.367346938775512,3.904647430624295,50,Male,Evening
19,30.20408163265306,3.0264073098796906,18,Male,Evening
19,32.04081632653062,2.5395864982119765,52,Male,Evening
19,33.87755102040816,3.3550930223393785,60,Female,Morning
19,35.714285714285715,3.2294018171368544,40,Female,Afternoon
19,37.55102040816327,3.1071398343512895,54,Female,Evening
19,39.38775510204081,4.27445334120857,33,Male,Evening
19,41.22448979591837,3.971409584347516,35,Female,Morning
19,43.06122448979592,2.7763851667692023,28,Male,Evening
19,44.89795918367347,4.856749463370399,29,Male,Afternoon
19,46.734693877551024,5.811691441690306,31,Male,Afternoon
19,48.57142857142857,4.013514428726484,50,Female,Afternoon
19,50.40816326530612,6.868963086284676,22,Male,Afternoon
19,52.244897959183675,4.537540276189374,47,Male,Evening
19,54.08163265306123,5.581244203473424,24,Male,Evening
19,55.91836734693878,6.153014162081255,31,Male,Evening
19,57.755102040816325,6.322303749548355,37,Male,Afternoon
19,59.59183673469388,7.551067436596785,27,Male,Morning
19,61.42857142857143,6.109329502728368,27,Male,Afternoon
19,63.26530612244898,5.988369814403518,23,Female,Morning
19,65.10204081632654,6.5673310752639535,35,Female,Morning
19,66.93877551020408,7.2008266319774,44,Male,Evening
19,68.77551020408163,5.7379195837618875,42,Male,Afternoon
19,70.61224489795919,6.125210491172038,41,Female,Afternoon
19,72.44897959183675,7.3717970111368345,56,Male,Morning
19,74.28571428571429,8.016818718074065,64,Female,Evening
19,76.12244897959184,10.300447168922451,36,Female,Evening
19,77.95918367346938,6.816933110543823,64,Female,Afternoon
19,79.79591836734694,10.17323502360939,23,Male,Evening
19,81.63265306122449,9.722898736714203,27,Male,Morning
19,83.46938775510205,9.776687053576328,53,Male,Afternoon
19,85.3061224489796,11.539457183358401,46,Female,Morning
19,87.14285714285714,8.480936442271181,32,Male,Afternoon
19,88.9795918367347,7.105946732968427,38,Male,Afternoon
19,90.81632653061224,6.457917489934648,62,Female,Morning
19,92.6530612244898,11.915825942354939,62,Female,Evening
19,94.48979591836735,8.830792959099512,18,Female,Morning
19,96.3265306122449,6.504824194502372,62,Female,Afternoon
19,98.16326530612245,8.184068800997368,55,Male,Afternoon
19,100.0,11.395173200694357,44,Female,Afternoon
20,10.0,1.0450615844081883,42,Female,Evening
20,11.83673469387755,1.0961936250108784,32,Female,Morning
20,13.673469387755102,0.5961821532888604,36,Female,Morning
20,15.510204081632654,1.7316981937704785,60,Male,Morning
20,17.346938775510203,2.014857693814689,57,Male,Morning
20,19.183673469387756,1.5449600920121709,40,Male,Evening
20,21.02040816326531,2.0708771756641045,63,Male,Evening
20,22.857142857142858,2.1750174967662033,51,Female,Evening
20,24.693877551020407,3.311455966579798,50,Male,Afternoon
20,26.53061224489796,2.49345130372163,47,Female,Evening
20,28.367346938775512,3.068142337755795,36,Female,Evening
20,30.20408163265306,3.293774092168179,30,Female,Afternoon
20,32.04081632653062,3.4157374102526665,44,Female,Evening
20,33.87755102040816,1.7016272022147498,63,Female,Morning
20,35.714285714285715,3.6813085114844695,42,Male,Morning
20,37.55102040816327,4.330734676459322,45,Male,Afternoon
20,39.38775510204081,3.607607107690636,60,Male,Afternoon
20,41.22448979591837,5.245912813779185,57,Female,Afternoon
20,43.06122448979592,4.769740280513272,45,Female,Afternoon
20,44.89795918367347,4.655243024766134,39,Female,Evening
20,46.734693877551024,3.4663018687716765,39,Female,Evening
20,48.57142857142857,5.272037393454763,60,Female,Evening
20,50.40816326530612,6.027731549778611,55,Female,Morning
20,52.244897959183675,4.172786110474888,18,Female,Afternoon
20,54.08163265306123,5.454113766590374,27,Female,Morning
20,55.91836734693878,4.469117731812401,24,Male,Morning
20,57.755102040816325,5.5341764825023665,21,Male,Morning
20,59.59183673469388,7.47033984870576,21,Female,Evening
20,61.42857142857143,9.76603029395072,38,Male,Evening
20,63.26530612244898,7.901431306238384,41,Male,Morning
20,65.10204081632654,7.224873238637713,49,Male,Afternoon
20,66.93877551020408,6.3525489784260705,59,Male,Afternoon
20,68.77551020408163,5.638701719009278,38,Male,Morning
20,70.61224489795919,5.977627211355434,23,Male,Morning
20,72.44897959183675,5.215349931236369,22,Female,Evening
20,74.28571428571429,7.449864774625605,34,Female,Evening
20,76.12244897959184,4.013223476097702,39,Male,Morning
20,77.95918367346938,6.150701321047321,64,Male,Evening
20,79.79591836734694,8.866144672325794,64,Female,Evening
20,81.63265306122449,6.66336896083903,62,Male,Evening
20,83.46938775510205,8.53408540102542,39,Female,Morning
20,85.3061224489796,11.507180303763791,47,Male,Afternoon
20,87.14285714285714,7.477589396008584,53,Female,Morning
20,88.9795918367347,6.6583341181451186,59,Female,Evening
20,90.81632653061224,6.579429437405571,32,Female,Evening
20,92.6530612244898,8.21874531471997,26,Male,Morning
20,94.48979591836735,11.984520217314868,27,Female,Evening
20,96.3265306122449,5.1425753126769935,59,Male,Morning
20,98.16326530612245,4.641654438909722,18,Female,Morning
20,100.0,10.006751013194322,64,Male,Morning
21,10.0,1.1515325745879952,56,Female,Afternoon
21,11.83673469387755,1.1818943219277342,34,Male,Morning
21,13.673469387755102,1.6021070400652921,24,Female,Morning
21,15.510204081632654,1.4782401497274962,56,Male,Morning
21,17.346938775510203,1.7188386953337704,32,Male,Morning
21,19.183673469387756,1.6248602319058123,60,Female,Afternoon
21,21.02040816326531,2.2200226516836086,18,Male,Morning
21,22.857142857142858,3.089655078489204,39,Female,Morning
21,24.693877551020407,1.4392501268174778,58,Male,Afternoon
21,26.53061224489796,2.553905928201829,46,Male,Evening
21,28.367346938775512,2.3828352634641927,47,Male,Afternoon
21,30.20408163265306,2.9820341345180714,19,Female,Afternoon
21,32.04081632653062,2.346567453984367,57,Female,Evening
21,33.87755102040816,3.328673568593132,45,Female,Morning
21,35.714285714285715,3.5452886695981776,30,Male,Afternoon
21,37.55102040816327,4.022448125749361,32,Female,Morning
21,39.38775510204081,2.460511541771095,36,Male,Afternoon
21,41.22448979591837,4.633394743204733,31,Female,Evening
21,43.06122448979592,3.543852904394831,28,Female,Evening
21,44.89795918367347,5.798193051502224,60,Female,Evening
21,46.734693877551024,5.711089518067702,26,Female,Evening
21,48.57142857142857,4.464098830461518,51,Male,Evening
21,50.40816326530612,5.145603640958279,26,Female,Afternoon
21,52.244897959183675,4.619438970308176,54,Female,Morning
21,54.08163265306123,6.855781178911397,34,Male,Morning
21,55.91836734693878,4.328472804446809,36,Female,Morning
21,57.755102040816325,7.598304548963376,45,Female,Morning
21,59.59183673469388,4.646804228206323,34,Female,Evening
21,61.42857142857143,4.592831098540332,43,Female,Afternoon
21,63.26530612244898,8.84424825434895,54,Male,Afternoon
21,65.10204081632654,5.477522509761957,30,Male,Afternoon
21,66.93877551020408,8.11406893506844,33,Female,Evening
21,68.77551020408163,7.413450338962322,19,Female,Afternoon
21,70.61224489795919,5.326142504352989,29,Female,Evening
21,72.44897959183675,5.929577779787117,43,Male,Afternoon
21,74.28571428571429,9.685793257982057,49,Male,Afternoon
21,76.12244897959184,5.949831245520605,55,Male,Afternoon
21,77.95918367346938,9.183977735998148,18,Female,Morning
21,79.79591836734694,7.746529335326356,63,Male,Evening
21,81.63265306122449,10.270002859197103,53,Male,Afternoon
21,83.46938775510205,8.085667854646257,23,Female,Afternoon
21,85.3061224489796,10.762759254337226,54,Female,Morning
21,87.14285714285714,7.9124385285101875,39,Female,Morning
21,88.9795918367347,8.779816321350092,38,Female,Evening
21,90.81632653061224,9.890876680430235,63,Female,Afternoon
21,92.6530612244898,11.324426562941182,42,Female,Afternoon
21,94.48979591836735,8.826390509882845,46,Male,Morning
21,96.3265306122449,11.042624377241125,55,Female,Afternoon
21,98.16326530612245,11.276753699557311,55,Female,Evening
21,100.0,11.179896969109885,37,Female,Evening
22,10.0,1.48989195979162,33,Male,Morning
22,11.83673469387755,0.9052016779528588,52,Female,Evening
22,13.673469387755102,1.6995567461711176,28,Female,Evening
22,15.510204081632654,1.3656521782926963,52,Female,Afternoon
22,17.346938775510203,1.3767451457848838,32,Female,Evening
22,19.183673469387756,2.345534234933593,52,Male,Morning
22,21.02040816326531,2.206852185106523,42,Female,Morning
22,22.857142857142858,2.763469016724459,46,Male,Evening
22,24.693877551020407,3.3429444317322035,60,Male,Evening
22,26.53061224489796,2.3919238490796726,40,Female,Evening
22,28.367346938775512,2.7195883390221156,22,Male,Evening
22,30.20408163265306,3.358984681727063,22,Male,Morning
22,32.04081632653062,3.6049173822141745,42,Female,Evening
22,33.87755102040816,3.9875445966374388,49,Male,Morning
22,35.714285714285715,4.421082173332173,35,Female,Evening
22,37.55102040816327,4.634637535143848,28,Male,Morning
22,39.38775510204081,4.062805916397664,42,Male,Afternoon
22,41.22448979591837,3.721452683685461,27,Female,Evening
22,43.06122448979592,4.952287910314613,18,Male,Afternoon
22,44.89795918367347,5.02788174842797,39,Female,Evening
22,46.734693877551024,5.269217072929,37,Female,Morning
22,48.57142857142857,4.792171248355924,60,Male,Afternoon
22,50.40816326530612,5.6352390123793095,45,Female,Afternoon
22,52.244897959183675,5.503385679923612,47,Male,Morning
22,54.08163265306123,6.689002938081383,19,Female,Afternoon
22,55.91836734693878,5.927094818202893,43,Male,Evening
22,57.755102040816325,4.842839924016731,37,Female,Evening
22,59.59183673469388,5.781593803207149,33,Female,Afternoon
22,61.42857142857143,6.194116473779286,64,Female,Evening
22,63.26530612244898,9.568912548543183,40,Female,Evening
22,65.10204081632654,6.179412541963047,54,Female,Morning
22,66.93877551020408,6.268187682487206,64,Male,Evening
22,68.77551020408163,7.678327730570528,47,Female,Evening
22,70.61224489795919,7.283176216549433,29,Male,Morning
22,72.44897959183675,6.946611845050937,24,Female,Afternoon
22,74.28571428571429,6.319369313711646,51,Male,Afternoon
22,76.12244897959184,6.864488376799979,32,Male,Evening
22,77.95918367346938,7.351745149113412,54,Female,Morning
22,79.79591836734694,7.881021215733428,40,Female,Evening
22,81.63265306122449,8.946026968303778,63,Female,Morning
22,83.46938775510205,7.533608184617449,56,Female,Morning
22,85.3061224489796,7.930191384296732,53,Male,Morning
22,87.14285714285714,8.053037873196104,55,Male,Evening
22,88.9795918367347,9.48889979034972,40,Female,Afternoon
22,90.81632653061224,10.050144387315349,63,Female,Afternoon
22,92.6530612244898,10.839731799179512,22,Female,Afternoon
22,94.48979591836735,8.115626349006819,41,Male,Afternoon
22,96.3265306122449,11.574599669794535,40,Male,Morning
22,98.16326530612245,6.114065763588611,59,Male,Afternoon
22,100.0,9.212396263112987,26,Female,Morning
23,10.0,1.1259829724092587,29,Female,Morning
23,11.83673469387755,0.7008692779487508,32,Female,Evening
23,13.673469387755102,1.7821488248885777,57,Female,Afternoon
23,15.510204081632654,1.6620233244857054,44,Male,Afternoon
23,17.346938775510203,2.4652896332841694,29,Female,Afternoon
23,19.183673469387756,1.7675371763886074,36,Female,Evening
23,21.02040816326531,2.188336694044538,33,Male,Evening
23,22.857142857142858,2.1658075372846484,21,Male,Morning
23,24.693877551020407,2.926421097903688,62,Male,Morning
23,26.53061224489796,2.6699249137183956,54,Female,Evening
23,28.367346938775512,2.8902403774331686,31,Male,Afternoon
23,30.20408163265306,4.063948756035046,21,Female,Evening
23,32.04081632653062,3.2651522961559523,55,Male,Afternoon
23,33.87755102040816,3.5032991380588077,45,Male,Afternoon
23,35.714285714285715,3.549586414640381,51,Female,Afternoon
23,37.55102040816327,4.636073413158899,49,Male,Afternoon
23,39.38775510204081,3.9919440019621386,23,Female,Evening
23,41.22448979591837,4.48941823352403,27,Male,Evening
23,43.06122448979592,5.3725232876587645,46,Male,Morning
23,44.89795918367347,3.7022923641129744,42,Male,Morning
23,46.734693877551024,4.800029259137744,37,Male,Evening
23,48.57142857142857,3.2363737819231617,39,Female,Morning
23,50.40816326530612,6.401156287949484,37,Female,Morning
23,52.244897959183675,6.960526120467223,34,Female,Morning
23,54.08163265306123,3.9133519980114473,41,Female,Afternoon
23,55.91836734693878,5.871318646115337,44,Male,Evening
23,57.755102040816325,4.693749779324671,43,Male,Evening
23,59.59183673469388,5.163299467392185,30,Male,Morning
23,61.42857142857143,8.097538004238002,33,Male,Afternoon
23,63.26530612244898,6.0661703453502165,35,Male,Morning
23,65.10204081632654,6.978596031959306,46,Female,Afternoon
23,66.93877551020408,6.9197373617927616,35,Male,Evening
23,68.77551020408163,7.071851657997857,32,Male,Afternoon
23,70.61224489795919,4.052342848925342,61,Male,Morning
23,72.44897959183675,4.225060842767352,64,Male,Evening
23,74.28571428571429,9.990977879645076,28,Female,Morning
23,76.12244897959184,6.960111124855974,62,Female,Morning
23,77.95918367346938,4.604371223150574,25,Female,Evening
23,79.79591836734694,7.315379541591289,57,Female,Afternoon
23,81.63265306122449,6.318254140342273,28,Male,Evening
23,83.46938775510205,6.41623176408722,46,Male,Morning
23,85.3061224489796,9.564327179780157,57,Male,Afternoon
23,87.14285714285714,6.214217547061974,62,Female,Evening
23,88.9795918367347,7.0163383335176235,25,Male,Morning
23,90.81632653061224,7.805249113954596,38,Male,Afternoon
23,92.6530612244898,7.0329357126368865,57,Male,Evening
23,94.48979591836735,10.762426864595296,36,Female,Afternoon
23,96.3265306122449,6.8156323382301816,45,Female,Afternoon
23,98.16326530612245,8.070510863763985,60,Female,Afternoon
23,100.0,11.910601116475506,30,Female,Afternoon
24,10.0,1.1982517316384178,63,Male,Afternoon
24,11.83673469387755,1.429493485617872,52,Female,Evening
24,13.673469387755102,1.3725852216688839,29,Female,Afternoon
24,15.510204081632654,1.6222745174888042,21,Female,Evening
24,17.346938775510203,1.354656829568224,31,Male,Morning
24,19.183673469387756,2.0328523819478885,51,Male,Afternoon
24,21.02040816326531,2.2131537782182438,57,Female,Evening
24,22.857142857142858,2.617234044650599,20,Female,Morning
24,24.693877551020407,2.372746507656689,58,Male,Afternoon
24,26.53061224489796,3.4376900784931674,64,Female,Evening
24,28.367346938775512,2.6834602492196318,18,Female,Morning
24,30.20408163265306,3.3791883946716386,19,Female,Evening
24,32.04081632653062,2.6682906189669504,39,Male,Afternoon
24,33.87755102040816,2.1107161812379536,50,Female,Afternoon
24,35.714285714285715,3.799572309711129,63,Female,Evening
24,37.55102040816327,3.8522221961617285,63,Male,Morning
24,39.38775510204081,2.5164385654959833,23,Male,Evening
24,41.22448979591837,5.255139514858266,61,Male,Evening
24,43.06122448979592,4.774180199589346,45,Male,Afternoon
24,44.89795918367347,4.669217532318846,57,Male,Evening
24,46.734693877551024,5.975072910625487,25,Male,Evening
24,48.57142857142857,2.866565367445075,22,Female,Morning
24,50.40816326530612,4.830110243708768,62,Female,Morning
24,52.244897959183675,4.555201874016666,22,Male,Evening
24,54.08163265306123,7.048344590376314,47,Male,Evening
24,55.91836734693878,6.265226203214452,43,Male,Evening
24,57.755102040816325,6.229000567526014,45,Female,Afternoon
24,59.59183673469388,7.854803986175237,26,Male,Evening
24,61.42857142857143,5.285469369986196,51,Male,Evening
24,63.26530612244898,7.284705099575411,42,Female,Morning
24,65.10204081632654,4.530397223506133,64,Male,Morning
24,66.93877551020408,6.380717836524977,59,Female,Afternoon
24,68.77551020408163,7.468419310483969,55,Male,Morning
24,70.61224489795919,7.673275351199704,33,Female,Afternoon
24,72.44897959183675,6.399274445498647,43,Male,Morning
24,74.28571428571429,8.971305721514415,55,Male,Afternoon
24,76.12244897959184,7.814606748460622,31,Male,Morning
24,77.95918367346938,9.098583929536101,32,Female,Morning
24,79.79591836734694,6.715291092578717,52,Female,Afternoon
24,81.63265306122449,4.512115872140171,22,Female,Afternoon
24,83.46938775510205,8.90797186808816,43,Male,Morning
24,85.3061224489796,11.86979165331171,43,Female,Afternoon
24,87.14285714285714,9.504686613309214,35,Female,Morning
24,88.9795918367347,7.149876739040652,31,Female,Morning
24,90.81632653061224,7.773124035601194,32,Male,Evening
24,92.6530612244898,7.852749964772324,60,Male,Evening
24,94.48979591836735,9.039929064721715,53,Male,Afternoon
24,96.3265306122449,8.418386932250012,61,Female,Morning
24,98.16326530612245,11.607773511723702,18,Male,Morning
24,100.0,9.71741387358781,23,Female,Afternoon
25,10.0,0.8193147167262113,21,Female,Evening
25,11.83673469387755,1.0160019229168376,33,Female,Afternoon
25,13.673469387755102,1.2474964862679034,49,Male,Afternoon
25,15.510204081632654,1.3840812894215864,48,Male,Afternoon
25,17.346938775510203,1.430452700748528,19,Female,Evening
25,19.183673469387756,1.4906543385985616,61,Male,Evening
25,21.02040816326531,2.6781722386952582,52,Female,Afternoon
25,22.857142857142858,2.939180709505832,55,Female,Afternoon
25,24.693877551020407,2.107359214455499,51,Male,Afternoon
25,26.53061224489796,3.6177471425817034,62,Male,Morning
25,28.367346938775512,2.6116426445705394,46,Male,Afternoon
25,30.20408163265306,2.8598579466317022,49,Female,Afternoon
25,32.04081632653062,3.3999243049650656,26,Male,Afternoon
25,33.87755102040816,2.295094482307438,37,Female,Evening
25,35.714285714285715,4.464967481590607,60,Male,Evening
25,37.55102040816327,3.925004501989682,21,Male,Morning
25,39.38775510204081,4.294534129657826,23,Male,Afternoon
25,41.22448979591837,3.8210672191055073,18,Female,Afternoon
25,43.06122448979592,3.6973292577741614,59,Male,Morning
25,44.89795918367347,5.258049979528804,29,Male,Afternoon
25,46.734693877551024,3.9915144261800135,58,Male,Evening
25,48.57142857142857,5.208233965351015,27,Male,Morning
25,50.40816326530612,4.31995754529196,40,Female,Morning
25,52.244897959183675,4.149732283552783,45,Female,Morning
25,54.08163265306123,3.5166624074443154,27,Female,Afternoon
25,55.91836734693878,7.807412918108595,63,Female,Afternoon
25,57.755102040816325,6.986873946024031,51,Female,Evening
25,59.59183673469388,7.93215868172156,28,Male,Morning
25,61.42857142857143,5.683786589561162,19,Female,Morning
25,63.26530612244898,5.684676990677217,59,Female,Afternoon
25,65.10204081632654,6.004884765858073,35,Male,Morning
25,66.93877551020408,4.834338266675241,43,Female,Afternoon
25,68.77551020408163,5.9265583443734835,64,Female,Afternoon
25,70.61224489795919,8.537210423432478,29,Female,Morning
25,72.44897959183675,7.070628328482042,43,Male,Evening
25,74.28571428571429,7.452534952935461,44,Male,Evening
25,76.12244897959184,6.760081619476491,63,Male,Morning
25,77.95918367346938,8.392191618705356,60,Male,Evening
25,79.79591836734694,6.85027867397791,38,Female,Morning
25,81.63265306122449,7.000532466651357,43,Female,Afternoon
25,83.46938775510205,9.752536046693551,47,Male,Afternoon
25,85.3061224489796,7.900699551889663,27,Male,Morning
25,87.14285714285714,9.347260577021927,46,Male,Evening
25,88.9795918367347,9.822539590945455,53,Male,Afternoon
25,90.81632653061224,6.434141154477548,38,Female,Morning
25,92.6530612244898,9.767555761412266,44,Male,Morning
25,94.48979591836735,8.581392597422886,53,Female,Afternoon
25,96.3265306122449,8.294484186755085,49,Female,Afternoon
25,98.16326530612245,12.894326282063279,30,Male,Afternoon
25,100.0,8.280999920399646,46,Female,Afternoon
26,10.0,0.7471711729944676,26,Male,Evening
26,11.83673469387755,0.9248190948506454,36,Female,Afternoon
26,13.673469387755102,1.4440255594473146,37,Male,Afternoon
26,15.510204081632654,1.6633267391236244,35,Male,Evening
26,17.346938775510203,1.4640125470408802,21,Male,Afternoon
26,19.183673469387756,2.428873636651714,30,Female,Morning
26,21.02040816326531,2.4774459127396056,48,Male,Evening
26,22.857142857142858,3.1221120922130687,49,Female,Evening
26,24.693877551020407,1.7112658369329976,41,Male,Afternoon
26,26.53061224489796,1.6555048799673093,56,Male,Evening
26,28.367346938775512,3.363258223958332,38,Female,Evening
26,30.20408163265306,3.3483207999512663,43,Male,Afternoon
26,32.04081632653062,3.0784772536528355,28,Female,Morning
26,33.87755102040816,2.2612409408419394,64,Female,Morning
26,35.714285714285715,3.0195289676636974,41,Female,Evening
26,37.55102040816327,4.378593034215186,43,Male,Afternoon
26,39.38775510204081,4.6480690920826415,29,Male,Afternoon
26,41.22448979591837,4.4944796510299545,44,Male,Afternoon
26,43.06122448979592,5.704116457704443,47,Female,Afternoon
26,44.89795918367347,5.313507491832371,45,Male,Morning
26,46.734693877551024,5.312493814303976,50,Male,Morning
26,48.57142857142857,4.803279705375173,59,Male,Morning
26,50.40816326530612,3.8664967264627146,37,Female,Evening
26,52.244897959183675,5.860935686731979,44,Male,Afternoon
26,54.08163265306123,5.805306499844327,29,Female,Morning
26,55.91836734693878,4.211108856551504,29,Female,Morning
26,57.755102040816325,7.156112040982226,37,Male,Afternoon
26,59.59183673469388,6.529122695817605,18,Male,Afternoon
26,61.42857142857143,7.380574024211244,31,Female,Morning
26,63.26530612244898,4.7386692772215895,32,Female,Morning
26,65.10204081632654,8.62236571181334,41,Male,Afternoon
26,66.93877551020408,9.306018742210926,63,Female,Morning
26,68.77551020408163,4.5823757132981555,29,Female,Afternoon
26,70.61224489795919,8.556408454448254,53,Male,Afternoon
26,72.44897959183675,10.000218512511646,53,Female,Morning
26,74.28571428571429,7.792303069786174,49,Male,Morning
26,76.12244897959184,8.171927348564171,20,Male,Morning
26,77.95918367346938,8.026816972909966,33,Male,Morning
26,79.79591836734694,9.873523414242191,31,Male,Evening
26,81.63265306122449,10.508302703193435,31,Female,Morning
26,83.46938775510205,9.457777473020155,24,Female,Evening
26,85.3061224489796,11.842566891599375,61,Male,Morning
26,87.14285714285714,8.568942546032517,22,Male,Evening
26,88.9795918367347,3.224955903863255,40,Female,Evening
26,90.81632653061224,10.237480607551241,48,Male,Morning
26,92.6530612244898,8.658761758739656,45,Male,Afternoon
26,94.48979591836735,9.495955200966685,57,Male,Evening
26,96.3265306122449,9.053817558849067,37,Male,Morning
26,98.16326530612245,8.124574788598938,42,Male,Afternoon
26,100.0,10.060062958328164,19,Male,Morning
27,10.0,0.7222183657941785,18,Female,Evening
27,11.83673469387755,1.0427918390140083,49,Male,Evening
27,13.673469387755102,1.358729282708806,46,Female,Afternoon
27,15.510204081632654,1.6362464677907032,33,Male,Afternoon
27,17.346938775510203,1.0537545130582975,64,Male,Morning
27,19.183673469387756,1.7669595087891856,19,Male,Afternoon
27,21.02040816326531,2.799164732159248,50,Male,Evening
27,22.857142857142858,2.645162314694679,22,Male,Morning
27,24.693877551020407,2.8550149663898394,36,Female,Evening
27,26.53061224489796,2.321640335184146,62,Male,Morning
27,28.367346938775512,3.47482744528477,45,Female,Evening
27,30.20408163265306,3.461585293374093,62,Female,Evening
27,32.04081632653062,3.014370458161494,59,Female,Evening
27,33.87755102040816,3.2250393190079856,43,Male,Evening
27,35.714285714285715,4.229581557624628,36,Female,Evening
27,37.55102040816327,3.188897594271582,29,Male,Evening
27,39.38775510204081,4.238278715292266,51,Male,Evening
27,41.22448979591837,3.9743652548865005,23,Female,Afternoon
27,43.06122448979592,3.474364737757889,52,Female,Evening
27,44.89795918367347,4.873069120198052,64,Female,Evening
27,46.734693877551024,4.1882162166540615,42,Female,Afternoon
27,48.57142857142857,6.959321448943433,55,Female,Evening
27,50.40816326530612,5.0880997539815604,41,Female,Morning
27,52.244897959183675,5.952768545795195,30,Male,Morning
27,54.08163265306123,4.298008816198117,21,Male,Morning
27,55.91836734693878,6.967429211938969,24,Female,Afternoon
27,57.755102040816325,6.559745122803167,40,Male,Evening
27,59.59183673469388,5.795907416664499,45,Male,Evening
27,61.42857142857143,7.453353533563533,46,Male,Morning
27,63.26530612244898,5.666691632406988,53,Female,Afternoon
27,65.10204081632654,6.508710915448683,20,Female,Afternoon
27,66.93877551020408,5.72719060529565,47,Female,Morning
27,68.77551020408163,6.690016232882114,42,Male,Afternoon
27,70.61224489795919,8.55876319677928,59,Male,Evening
27,72.44897959183675,6.069991213796158,55,Female,Evening
27,74.28571428571429,10.724396031902632,42,Female,Evening
27,76.12244897959184,8.221957376191268,58,Female,Afternoon
27,77.95918367346938,8.000273065854916,24,Female,Morning
27,79.79591836734694,6.641265621188284,51,Female,Morning
27,81.63265306122449,7.341132039481841,21,Male,Afternoon
27,83.46938775510205,8.481811332882815,47,Female,Morning
27,85.3061224489796,7.368648746379854,52,Female,Morning
27,87.14285714285714,7.223154245090855,60,Male,Afternoon
27,88.9795918367347,7.068651314987854,35,Female,Morning
27,90.81632653061224,8.947273778369397,48,Female,Morning
27,92.6530612244898,9.125093125045199,34,Male,Afternoon
27,94.48979591836735,10.404440077428614,21,Female,Afternoon
27,96.3265306122449,12.501475049514092,39,Male,Afternoon
27,98.16326530612245,11.966416971581355,35,Female,Morning
27,100.0,10.867010999893685,24,Male,Morning
28,10.0,0.8033755730836316,61,Female,Afternoon
28,11.83673469387755,0.800446090147978,36,Male,Afternoon
28,13.673469387755102,1.5538720646293727,59,Male,Afternoon
28,15.510204081632654,1.5901613088910593,54,Female,Afternoon
28,17.346938775510203,1.1982702850329534,38,Female,Evening
28,19.183673469387756,2.3607215831483646,46,Male,Evening
28,21.02040816326531,2.0284926926606732,56,Male,Afternoon
28,22.857142857142858,1.7966192781346273,35,Male,Evening
28,24.693877551020407,2.3536550031180012,54,Female,Morning
28,26.53061224489796,3.0815012789432075,61,Male,Evening
28,28.367346938775512,3.0783357899981483,35,Female,Morning
28,30.20408163265306,3.2730385790670202,51,Male,Afternoon
28,32.04081632653062,1.6442216629498492,38,Male,Evening
28,33.87755102040816,2.3644970582073266,33,Male,Afternoon
28,35.714285714285715,3.358716143182651,26,Female,Morning
28,37.55102040816327,2.8713736870450046,39,Female,Morning
28,39.38775510204081,5.041947593450978,49,Male,Afternoon
28,41.22448979591837,4.579401592641225,56,Female,Evening
28,43.06122448979592,4.677414381324708,46,Male,Evening
28,44.89795918367347,3.9193299876288177,23,Female,Evening
28,46.734693877551024,4.3520448056648995,37,Male,Evening
28,48.57142857142857,5.415746376963047,38,Male,Morning
28,50.40816326530612,6.104977619292237,20,Female,Morning
28,52.244897959183675,8.098714676806352,31,Male,Morning
28,54.08163265306123,7.68356478494431,18,Female,Evening
28,55.91836734693878,6.25882774260505,33,Female,Morning
28,57.755102040816325,3.883909421876579,40,Male,Afternoon
28,59.59183673469388,6.101727659995079,64,Male,Evening
28,61.42857142857143,5.820307602824896,45,Male,Evening
28,63.26530612244898,5.692149877387653,49,Male,Morning
28,65.10204081632654,6.039762982581366,50,Female,Afternoon
28,66.93877551020408,6.607949367743949,51,Female,Evening
28,68.77551020408163,6.949515716800721,41,Female,Evening
28,70.61224489795919,7.75439453556678,47,Male,Morning
28,72.44897959183675,5.4171275833806245,27,Male,Morning
28,74.28571428571429,8.182335232526558,64,Male,Evening
28,76.12244897959184,10.67310061103126,28,Male,Evening
28,77.95918367346938,6.251242709385119,56,Male,Afternoon
28,79.79591836734694,8.051763588648953,61,Female,Morning
28,81.63265306122449,8.246853717356874,18,Male,Evening
28,83.46938775510205,7.349607525128245,45,Female,Evening
28,85.3061224489796,10.369644600373428,50,Male,Evening
28,87.14285714285714,7.7546362822077155,55,Male,Afternoon
28,88.9795918367347,12.595376448787254,40,Female,Afternoon
28,90.81632653061224,9.382658553407708,52,Female,Morning
28,92.6530612244898,8.245876454879134,63,Female,Evening
28,94.48979591836735,8.349530279752976,40,Male,Evening
28,96.3265306122449,7.371137374689653,40,Female,Afternoon
28,98.16326530612245,9.466986685015828,32,Male,Morning
28,100.0,11.039726879599625,56,Male,Evening
29,10.0,0.7206131817064081,64,Female,Evening
29,11.83673469387755,1.2638551240517255,59,Male,Afternoon
29,13.673469387755102,1.3801374933319865,44,Male,Morning
29,15.510204081632654,1.517781147107344,62,Male,Evening
29,17.346938775510203,1.7558325427640638,62,Male,Morning
29,19.183673469387756,1.3785389374345738,40,Female,Morning
29,21.02040816326531,1.7117457877890263,58,Female,Evening
29,22.857142857142858,2.545260378096489,55,Female,Morning
29,24.693877551020407,2.1341131550539645,20,Male,Morning
29,26.53061224489796,2.487854344975987,52,Male,Evening
29,28.367346938775512,3.320452312889875,41,Male,Evening
29,30.20408163265306,4.3014044156069975,18,Female,Morning
29,32.04081632653062,3.804019651036948,51,Male,Evening
29,33.87755102040816,3.5129735110746805,40,Male,Morning
29,35.714285714285715,3.80056123280906,18,Female,Evening
29,37.55102040816327,3.9008390107080855,50,Female,Evening
29,39.38775510204081,3.0557349491231554,62,Female,Morning
29,41.22448979591837,2.458007148041532,23,Female,Morning
29,43.06122448979592,4.3674879233926465,35,Female,Morning
29,44.89795918367347,3.3282788671636694,26,Male,Evening
29,46.734693877551024,5.606689087734604,62,Male,Afternoon
29,48.57142857142857,4.556822011825102,21,Male,Evening
29,50.40816326530612,7.363260292938298,35,Male,Afternoon
29,52.244897959183675,3.678621546433595,46,Male,Afternoon
29,54.08163265306123,4.506475190201062,58,Female,Evening
29,55.91836734693878,6.346118923504511,63,Female,Morning
29,57.755102040816325,5.321783585245185,54,Female,Morning
29,59.59183673469388,4.334815784905336,24,Female,Afternoon
29,61.42857142857143,4.484806368665261,57,Female,Evening
29,63.26530612244898,5.801158089589249,38,Male,Morning
29,65.10204081632654,7.817943455058937,48,Male,Evening
29,66.93877551020408,5.75601600168519,37,Female,Evening
29,68.77551020408163,7.402949780349469,30,Female,Evening
29,70.61224489795919,5.901108338594861,45,Female,Evening
29,72.44897959183675,4.378489944783439,35,Male,Afternoon
29,74.28571428571429,7.498303283061122,37,Female,Morning
29,76.12244897959184,6.848935761909812,36,Female,Evening
29,77.95918367346938,5.584902489011699,33,Female,Morning
29,79.79591836734694,10.120407764780072,52,Male,Afternoon
29,81.63265306122449,7.032236967023604,36,Female,Evening
29,83.46938775510205,7.901001341225539,25,Female,Evening
29,85.3061224489796,9.320777733194866,59,Male,Evening
29,87.14285714285714,7.4931482309994895,23,Female,Afternoon
29,88.9795918367347,10.468712496235593,40,Female,Morning
29,90.81632653061224,8.365405517715704,63,Female,Evening
29,92.6530612244898,8.983912546025193,43,Male,Evening
29,94.48979591836735,8.70757296259837,28,Female,Morning
29,96.3265306122449,9.296673215270431,31,Male,Afternoon
29,98.16326530612245,10.306425236140832,56,Female,Evening
29,100.0,8.863589261207181,25,Male,Afternoon
